recTime,acId,coord1,coord2,alt,groundSpeed,rateOfClimb,d_ts,x,y,z,fuel_flow,fuel_used,CO2_flow,H2O_flow,Soot_flow,SOx_flow,NOx_flow,CO_flow,HC_flow,CO2_emitted,H2O_emitted,Soot_emitted,SOx_emitted,NOx_emitted,CO_emitted,HC_emitted
2023-12-22 01:08:57.000,AAL419_KCLTtoKDTW,39.6369957589119,-81.82224888730305,34000.0,436.1679885819464,0.0,12.0,131152.73227323,-285224.657671394,10363.2,0.3806219639327651,4.567463567193181,1202.7654060275377,468.16501563730105,0.011418658917982952,0.45674635671931807,3.1681100183323574,2.872941183281566,0.25483551012524425,14433.184872330452,5617.980187647612,0.13702390701579542,5.480956280631817,38.01732021998829,34.475294199378794,3.058026121502931
2023-12-22 01:09:02.000,AAL419_KCLTtoKDTW,39.64639,-81.82417,34000.0,450.0,0.0,12.0,130970.04262230002,-284183.06261118426,10363.2,0.3912296634059672,9.262219528064788,1236.2857363628564,481.21248598933965,0.011736889902179016,0.4694755960871606,3.343132855746016,2.4205678757646867,0.206124035316386,29268.61370868473,11392.530019519687,0.2778665858419436,11.114663433677745,78.13491448894048,63.52210870855504,5.531514545299563
2023-12-22 01:09:13.000,AAL419_KCLTtoKDTW,39.6675,-81.82861,34000.0,424.0,0.0,11.0,130549.22003206536,-281842.6353014311,10363.2,0.3725191046841066,13.35992967958996,1177.160370801777,458.1984987614511,0.011175573140523197,0.4470229256209279,3.037123393469641,3.2008051138051616,0.2901978501677444,42217.37778750427,16432.71350589565,0.4007978903876988,16.031915615507952,111.54327181710653,98.73096496041182,8.723690897144753
2023-12-22 01:09:26.000,AAL419_KCLTtoKDTW,39.69111,-81.83333,34000.0,401.0,0.0,13.0,130099.8636012149,-279224.6429700009,10363.2,0.3607864808412689,18.050153930526456,1140.0852794584098,443.7673714347608,0.010823594425238068,0.4329437770095227,2.8502021057493048,3.6579079373382726,0.3395765589404905,57038.486420463596,22201.68933454754,0.5415046179157936,21.660184716631747,148.59589919184748,146.28376814580938,13.13818616337113
2023-12-22 01:09:38.000,AAL419_KCLTtoKDTW,39.71444,-81.83833,34000.0,430.0,0.0,12.0,129627.35557054108,-276638.17701298726,10363.2,0.376297304739799,22.56572158740404,1189.0994829777649,462.84568482995275,0.01128891914219397,0.45155676568775877,3.0980046245809825,3.049153293468847,0.2738358999342821,71307.68021619678,27755.83755250697,0.6769716476221213,27.07886590488485,185.77195468681927,182.87360766743552,16.424216962582513
2023-12-22 01:09:49.000,AAL419_KCLTtoKDTW,39.73611,-81.84278,34000.0,435.0,0.0,11.0,129205.33037728778,-274235.431807947,10363.2,0.37969053986423895,26.74231752591067,1199.8221059709952,467.0193640330139,0.011390716195927169,0.45562864783708673,3.153047319533467,2.910593848922776,0.258895525197084,84505.72338187773,32893.05055687013,0.8022695257773201,32.0907810310928,220.45547520168742,214.89014000558606,19.272067739750437
2023-12-22 01:10:02.000,AAL419_KCLTtoKDTW,39.76056,-81.84778,34000.0,415.0,0.0,13.0,128731.22733232913,-271524.3862344378,10363.2,0.36728196602481505,31.516983084233267,1160.6110126384156,451.7568182105225,0.011018458980744451,0.44073835922977805,2.953537076433522,3.4057112039183157,0.3123245725789159,99593.66654617713,38765.88919360692,0.945509492526998,37.820379701079915,258.8514571953232,259.1643856565242,23.332287183276343
2023-12-22 01:10:13.000,AAL419_KCLTtoKDTW,39.78167,-81.85222,34000.0,424.0,0.0,11.0,128311.61076770112,-269183.84411689156,10363.2,0.37241118050339317,35.613506069770594,1176.8193303907224,458.0657520191736,0.011172335415101795,0.4468934166040718,3.035512906256729,3.2042261885241765,0.2905688401693471,112538.67918047508,43804.61246581783,1.0684051820931177,42.7362072837247,292.2420991641472,294.4108737302901,26.52854442513916
2023-12-22 01:10:25.000,AAL419_KCLTtoKDTW,39.80472,-81.85694,34000.0,424.0,0.0,12.0,127864.62763365702,-266627.9935268755,10363.2,0.3723913196365085,40.082201905408695,1176.756570051367,458.0413231529055,0.011171739589095255,0.4468695835638102,3.0352165806964977,3.2048554810103047,0.29063708328036947,126659.75802109149,49301.1083436527,1.2024660571622607,48.098642286490424,328.6646981325052,332.86913950241376,30.016189424503594
2023-12-22 01:10:37.000,AAL419_KCLTtoKDTW,39.82722,-81.86167,34000.0,414.0,0.0,12.0,127418.08898225412,-264133.2854440862,10363.2,0.3666859675701395,44.48243351625037,1158.7276575216408,451.0237401112716,0.011000579027104185,0.4400231610841674,2.9441345914342834,3.428281076741655,0.3147639539971809,140564.48991135118,54713.39322498796,1.334473005487511,53.37892021950043,363.99431322971657,374.0085124233136,33.793356872469765
2023-12-22 01:10:49.000,AAL419_KCLTtoKDTW,39.85028,-81.86639,34000.0,424.0,0.0,12.0,126971.6070873458,-261576.27416791473,10363.2,0.3723483265803876,48.95061343521502,1176.6207119940248,457.9884416938767,0.011170449797411627,0.4468179918964651,3.034575170332041,3.2062174256224916,0.29078477936329605,154683.93845527948,60209.25452531448,1.4685184030564504,58.74073612225801,400.4092152737011,412.48312153078354,37.28277422482932
2023-12-22 01:11:01.000,AAL419_KCLTtoKDTW,39.87278,-81.87111,34000.0,414.0,0.0,12.0,126526.43691328118,-259081.50261049025,10363.2,0.3666410862941664,53.35030647074502,1158.585832689566,450.9685361418247,0.010999232588824992,0.4399693035529997,2.9434759670390775,3.4296331558574393,0.314910837299236,168586.96844755427,65620.87695901637,1.6005091941223504,64.020367764894,435.73092687817,453.6387194010728,41.06170427242015
2023-12-22 01:11:13.000,AAL419_KCLTtoKDTW,39.89528,-81.87583,34000.0,414.0,0.0,12.0,126081.52246729638,-256586.7067241073,10363.2,0.3666188232653043,57.74973234992867,1158.5154815183616,450.9411526163243,0.010998564697959129,0.43994258791836516,2.9431492883179784,3.430303683874989,0.3149836808445121,182489.1542257746,71032.17079041226,1.7324919704978599,69.29967881991439,471.04871833798575,494.8023636075727,44.8415084425543
2023-12-22 01:11:25.000,AAL419_KCLTtoKDTW,39.91944,-81.88083,34000.0,445.0,0.0,12.0,125609.88759922335,-253907.72422420865,10363.2,0.38697475166811107,62.393429369946006,1222.840215271231,475.97894455177664,0.011609242550043333,0.4643697020017333,3.272672149343648,2.6035096527692745,0.22581597610772022,197163.2368090294,76743.91812503358,1.8718028810983798,74.87211524393518,510.32078413010953,526.044479440804,47.551300155846945
2023-12-22 01:11:37.000,AAL419_KCLTtoKDTW,39.94111,-81.88528,34000.0,399.0,0.0,12.0,125190.06574727857,-251504.7720439331,10363.2,0.35973328074219896,66.7102287388524,1136.7571671453486,442.4719353129047,0.010791998422265968,0.4316799368906387,2.833842913679631,3.696068667583654,0.34370741931944143,210804.32281477356,82053.58134878844,2.0013068621655714,80.05227448662285,544.3268990942651,570.3973034518078,51.675789187680245
2023-12-22 01:11:50.000,AAL419_KCLTtoKDTW,39.96583,-81.89056,34000.0,420.0,0.0,13.0,124694.07902867188,-248763.8773354935,10363.2,0.3698601124553986,71.51841020077258,1168.7579553590597,454.9279383201403,0.011095803373661959,0.44383213494647833,2.9948793037046397,3.3034110263275935,0.3012794052056205,225998.17623444134,87967.64454695027,2.145552306023177,85.82209224092706,583.2603300424254,613.3416467940665,55.59242145535331
2023-12-22 01:12:01.000,AAL419_KCLTtoKDTW,39.98806,-81.895,34000.0,446.0,0.0,11.0,124274.57752466784,-246298.5992733275,10363.2,0.38770245611041254,75.78313721798712,1225.1397613089036,476.87402101580744,0.011631073683312376,0.46524294733249505,3.284773812032397,2.571810620758043,0.22240421410082012,239474.7136088393,93213.25877812415,2.273494116539613,90.9397646615845,619.3928419747817,641.631563622405,58.038867810462335
2023-12-22 01:12:13.000,AAL419_KCLTtoKDTW,40.01111,-81.89972,34000.0,424.0,0.0,12.0,123829.95362881802,-243742.52790202686,10363.2,0.37219665330342844,80.24949705762826,1176.1414244388338,457.80188356321696,0.011165899599102852,0.44663598396411414,3.0323129041367705,3.2110189746302575,0.29130549546251083,253588.4107021053,98706.88138088275,2.4074849117288473,96.29939646915388,655.780596824423,680.163791317968,61.534533756012465
2023-12-22 01:12:25.000,AAL419_KCLTtoKDTW,40.03306,-81.90444,34000.0,404.0,0.0,12.0,123387.61270625374,-241308.73706861658,10363.2,0.36168537967274494,84.5897216137012,1142.925799765874,444.87301699747627,0.010850561390182348,0.4340224556072939,2.865002153092701,3.619514854140555,0.33543411665924683,267303.5202992958,104045.35758485246,2.5376916484110357,101.5076659364414,690.1606226615354,723.5979695676547,65.55974315592343
2023-12-22 01:12:37.000,AAL419_KCLTtoKDTW,40.05611,-81.90917,34000.0,424.0,0.0,12.0,122942.65666237986,-238752.63131825082,10363.2,0.37215399628965934,89.05556956917711,1176.0066282753235,457.74941543628097,0.01116461988868978,0.4465847955475912,3.0316768087896446,3.212368478765107,0.29145184924874407,281415.5998385997,109538.35057008783,2.671667087075313,106.8666834830125,726.5407443670111,762.1463913128359,69.05716534690836
2023-12-22 01:12:48.000,AAL419_KCLTtoKDTW,40.0775,-81.91361,34000.0,429.0,0.0,11.0,122525.67147720137,-236380.65948185208,10363.2,0.37530241778120943,93.18389616477042,1185.9556401886218,461.6219738708876,0.011259072533436283,0.45036290133745127,3.0823084023824987,3.0866623133842377,0.2778871739825475,294461.1118806745,114616.19228266759,2.7955168849431122,111.82067539772446,760.4461367932187,796.0996767600625,72.11392426071639
2023-12-22 01:13:01.000,AAL419_KCLTtoKDTW,40.10083,-81.91861,34000.0,397.0,0.0,13.0,122057.74803951394,-233793.75556072345,10363.2,0.3588137390546313,97.84847477248063,1133.8514154126349,441.34089903719655,0.010764412171638938,0.43057648686555755,2.8194599721093425,3.7300857514017953,0.34738851295234074,309201.18028103875,120353.62397015114,2.9354542431744184,117.4181697269767,797.0991164306402,844.5907915282859,76.62997492909682
2023-12-22 01:13:13.000,AAL419_KCLTtoKDTW,40.12472,-81.92361,34000.0,440.0,0.0,12.0,121589.09086850741,-231144.56008139954,10363.2,0.3829684909900778,102.44409666436157,1210.1804315286458,471.05124391779566,0.011489054729702334,0.45956218918809333,3.2069204582472315,2.771938740353915,0.24395806226448313,323723.3454593825,126006.23889716469,3.0733228999308464,122.93291599723382,835.582161929607,877.8540564125328,79.55747167627061
2023-12-22 01:13:24.000,AAL419_KCLTtoKDTW,40.14639,-81.92806,34000.0,435.0,0.0,11.0,121171.49101787528,-228741.40026305907,10363.2,0.37932067387073326,106.61662407693963,1198.653329431517,466.5644288610019,0.011379620216121997,0.45518480864487987,3.1474174755243505,2.9230206184366208,0.2602405200490327,336908.5320831292,131138.44761463572,3.198498722308188,127.9399488923275,870.2037541603748,910.0072832153356,82.42011739680997
2023-12-22 01:13:37.000,AAL419_KCLTtoKDTW,40.17,-81.93306,34000.0,401.0,0.0,13.0,120703.8878426226,-226123.28559092956,10363.2,0.3602860662722898,111.3003429384794,1138.5039694204359,443.15186151491645,0.010808581988168694,0.4323432795267478,2.8429924942104394,3.672127232795567,0.3411245820931157,351709.0836855949,136899.42181432963,3.3390102881543813,133.56041152617522,907.1626565851105,957.744937241678,86.85473696402047
2023-12-22 01:13:49.000,AAL419_KCLTtoKDTW,40.19278,-81.93806,34000.0,420.0,0.0,12.0,120238.063178409,-223597.4286246206,10363.2,0.36964045684258495,115.73602842059043,1168.0638436225684,454.6577619163795,0.011089213705277549,0.4435685482111019,2.991626470831751,3.310216367902327,0.30201797643603034,365725.8498090657,142355.3149573262,3.472080852617712,138.88323410470844,943.0621742350916,997.4675336565059,90.47895268125284
2023-12-22 01:14:01.000,AAL419_KCLTtoKDTW,40.21583,-81.94278,34000.0,424.0,0.0,12.0,119795.80787168733,-221041.13587709042,10363.2,0.37200319046429486,120.20006670616196,1175.5300818671717,457.56392427108267,0.011160095713928845,0.4464038285571538,3.0294285440139452,3.2171362395828837,0.2919689251224369,379832.21079147176,147846.08204857918,3.606002001184858,144.2400800473943,979.4153167632589,1036.0731685315004,93.98257978272208
2023-12-22 01:14:13.000,AAL419_KCLTtoKDTW,40.23861,-81.9475,34000.0,419.0,0.0,12.0,119354.29865896297,-218514.83928024126,10363.2,0.3690220384204669,124.62833116720756,1166.1096414086753,453.89710725717424,0.011070661152614006,0.44282644610456023,2.9818132280522764,3.334020291515745,0.30458935664353814,393825.52648837585,153292.84733566525,3.7388499350162263,149.553997400649,1015.1970754998863,1076.0814120296893,97.63765206244454
2023-12-22 01:14:25.000,AAL419_KCLTtoKDTW,40.26222,-81.9525,34000.0,435.0,0.0,12.0,118887.81133113735,-215896.61907307466,10363.2,0.3792180551882915,129.17894782946706,1198.329054395001,466.43820788159854,0.011376541655648744,0.4550616662259498,3.1458563691624883,2.926463129783396,0.2606131345766112,408205.47514111584,158890.10583024443,3.8753684348840114,155.01473739536038,1052.9473519298363,1111.19896958709,100.76500967736388
2023-12-22 01:14:37.000,AAL419_KCLTtoKDTW,40.28472,-81.95722,34000.0,414.0,0.0,12.0,118447.3336128935,-213401.40493505003,10363.2,0.366235427340893,133.57377295755776,1157.3039503972218,450.4695756292984,0.01098706282022679,0.4394825128090716,2.937526310019681,3.44183423131551,0.31623638121772696,422093.1225458825,164295.740737796,4.007213188726733,160.28852754906924,1088.1976676500724,1152.5009803628761,104.55984625197661
2023-12-22 01:14:49.000,AAL419_KCLTtoKDTW,40.30806,-81.96194,34000.0,429.0,0.0,12.0,118005.62674990385,-210812.7697028569,10363.2,0.3750913700533237,138.07486939819765,1185.288729368503,461.3623851655882,0.011252741101599711,0.45010964406398846,3.0791340642842115,3.0935122838779785,0.27862941294786436,436316.58729830454,169832.08935978307,4.142246081945929,165.6898432778371,1125.147276421483,1189.623127769412,107.90339920735099
2023-12-22 01:15:01.000,AAL419_KCLTtoKDTW,40.33056,-81.96694,34000.0,415.0,0.0,12.0,117541.93380643036,-208317.88857528727,10363.2,0.366721428337899,142.47552653825244,1158.8397135477608,451.0673568556158,0.01100164285013697,0.4400657140054788,2.945302385714615,3.422656202636683,0.31416517111069897,450222.6638608777,175244.89764205046,4.2742657961475725,170.97063184590286,1160.4909050500582,1230.6950022010521,111.67338126067938
2023-12-22 01:15:10.000,AAL419_KCLTtoKDTW,40.3475,-81.97056,34000.0,416.0,-167.0,9.0,117205.24703205396,-206439.3063215871,10363.2,0.3385403793244114,145.52238995217215,1069.78759866514,416.404666569026,0.010156211379732341,0.40624845518929364,2.5465395213317525,4.183593245984832,0.3971754189993306,459850.7522488639,178992.5396411717,4.365671698565164,174.6268679426065,1183.409760742044,1268.3473414149157,115.24796003167336
2023-12-22 01:15:22.000,AAL419_KCLTtoKDTW,40.37083,-81.97528,33900.0,429.0,-1167.0,12.0,116764.29597963726,-203851.71461706044,10332.720000000001,0.19408149719745107,147.85136791854157,613.2975311439454,238.72024155286482,0.005822444915923532,0.23289779663694127,0.953656290452961,5.406305903153325,0.5424787761390151,467210.3226225913,181857.18253980606,4.435541037556246,177.4216415022498,1194.8536362274795,1333.2230122527556,121.75770534534153
2023-12-22 01:15:34.000,AAL419_KCLTtoKDTW,40.39306,-81.98,33300.0,409.0,-2000.0,12.0,116325.53671230732,-201386.40438509797,10149.84,0.08927650362094312,148.9226859619929,282.1137514421803,109.81009945376005,0.0026782951086282937,0.10713180434513174,0.3568789606204371,2.946141043732004,0.29774829697291527,470595.68763989746,183174.90373325118,4.4676805788597855,178.7072231543914,1199.1361837549248,1368.5767047775396,125.33068490901651
2023-12-22 01:15:46.000,AAL419_KCLTtoKDTW,40.41583,-81.985,32700.0,420.0,-2667.0,12.0,115862.38581370424,-198861.4051938721,9966.960000000001,0.07753640520032584,149.85312282439682,245.01504043302967,95.36977839640079,0.002326092156009775,0.09304368624039101,0.3114246850455283,2.5340456783728147,0.2561003611121462,473535.8681250938,184319.341074008,4.495593684731903,179.82374738927606,1202.8732799754712,1398.9852529180134,128.40388924236225
2023-12-22 01:15:58.000,AAL419_KCLTtoKDTW,40.43889,-81.98972,32200.0,424.0,-2667.0,12.0,115422.70613662867,-196303.7600897129,9814.560000000001,0.07766560378886982,150.78511006986326,245.4233079728286,95.52869266030987,0.0023299681136660943,0.09319872454664378,0.3132787968092728,2.516258412413792,0.2543027118928832,476480.94782076776,185465.68538593172,4.523553302095896,180.9421320838358,1206.6326255371825,1429.180353866979,131.45552178507685
2023-12-22 01:16:10.000,AAL419_KCLTtoKDTW,40.46111,-81.99444,31700.0,409.0,-2500.0,12.0,114984.74668795016,-193839.4880115688,9662.16,0.07795178388152389,151.72053147644155,246.3276370656155,95.88069417427438,0.0023385535164457166,0.09354214065782866,0.3161669648660794,2.497459594367463,0.25240283134564784,479436.87946555513,186616.253716023,4.5516159442932445,182.06463777172974,1210.4266291155755,1459.1498689993884,134.48435576122463
2023-12-22 01:16:22.000,AAL419_KCLTtoKDTW,40.48361,-81.99889,31300.0,414.0,-2333.0,12.0,114569.39512554104,-191343.7007013773,9540.24,0.07804629288466142,152.6570869910575,246.62628551553007,95.99694024813354,0.0023413887865398426,0.0936555514615937,0.3175851697704607,2.483838343361455,0.25102621555248744,482396.3948917415,187768.2169990006,4.579712609731723,183.18850438926887,1214.237651152821,1488.9559291197259,137.4966703478545
2023-12-22 01:16:34.000,AAL419_KCLTtoKDTW,40.50694,-82.00361,30800.0,429.0,-2115.0,12.0,114130.03010988105,-188755.96397550975,9387.84,0.09938531451226136,153.84971076520463,314.0575938587459,122.24393685008147,0.0029815594353678407,0.11926237741471363,0.4058239768594058,3.1404342734746677,0.31738431487243973,486165.0860180465,189235.14424120157,4.615491322956137,184.61965291824544,1219.1075388751337,1526.6411404014218,141.30528212632376
2023-12-22 01:16:47.000,AAL419_KCLTtoKDTW,40.53028,-82.00889,30400.0,397.0,-1828.0,13.0,113643.58667152729,-186167.8297238723,9265.92,0.09986939288186883,155.14801287266891,315.5872815067055,122.83935324469866,0.0029960817864560646,0.11984327145824258,0.4100966815345268,3.1199507379859925,0.31531417032837156,490267.72067763365,190832.05583338265,4.654440386180066,186.17761544720258,1224.4387957350825,1567.2004999952396,145.4043663405926
2023-12-22 01:16:58.000,AAL419_KCLTtoKDTW,40.55028,-82.01611,30100.0,411.0,-1328.0,11.0,112999.24061591865,-183953.57671618866,9174.48,0.1704350375420112,157.02279828563104,538.5747186327554,209.63509617667378,0.005113051126260336,0.20452204505041344,0.7611995681462597,4.984373856903161,0.5025899607921018,496192.042582594,193138.04189132605,4.71068394856893,188.42735794275714,1232.8119909846914,1622.0286124211743,150.93285590930572
2023-12-22 01:17:10.000,AAL419_KCLTtoKDTW,40.57083,-82.02861,30000.0,411.0,-712.0,12.0,111908.34140528848,-181684.9871727225,9144.0,0.2629610274009896,160.17833061444293,830.9568465871271,323.4420637032172,0.007888830822029687,0.3155532328811875,1.60734714455248,5.37906201864244,0.533616264950198,506163.5247416395,197019.34665576465,4.8053499184332855,192.2139967373314,1252.1001567193211,1686.5773566448836,157.33625108870808
2023-12-22 01:17:23.000,AAL419_KCLTtoKDTW,40.58944,-82.04333,30000.0,364.0,-167.0,13.0,110633.87615804528,-179634.79584660887,9144.0,0.3238547832914932,164.38844279723233,1023.3811152011185,398.34138344853665,0.009715643498744795,0.3886257399497918,2.3097877273085308,4.875099405792264,0.474292812170035,519467.479239254,202197.7846405956,4.931653283916968,197.2661313566787,1282.1273971743321,1749.953648920183,163.50205764691853
2023-12-22 01:17:34.000,AAL419_KCLTtoKDTW,40.60667,-82.05778,30000.0,405.0,0.0,11.0,109385.17644965612,-177737.4825672804,9144.0,0.3787490100722678,168.55468190802728,1196.8468718283661,465.8612823888894,0.011362470302168033,0.4544988120867213,3.0915645214163656,3.620696416589471,0.3367280099136168,532632.794829366,207322.25874687338,5.056640457240817,202.26561828963264,1316.1346069099122,1789.7813095026672,167.20606575596832
2023-12-22 01:17:47.000,AAL419_KCLTtoKDTW,40.62694,-82.07417,30000.0,399.0,0.0,13.0,107968.40168848801,-175504.38147097634,9144.0,0.3743748878830017,173.4215554505063,1183.0246457102853,460.4811120960921,0.011231246636490052,0.44924986545960205,3.0230655205825694,3.756339117478469,0.3514415934151518,548012.1152235997,213308.51320412257,5.202646663515187,208.10586654060748,1355.4344586774857,1838.6137180298874,171.7748064703653
2023-12-22 01:17:58.000,AAL419_KCLTtoKDTW,40.64556,-82.08889,30000.0,430.0,0.0,11.0,106696.02558176946,-173452.40308163426,9144.0,0.4004315128258573,177.82630209159075,1265.3635805297092,492.5307607758045,0.012012945384775719,0.4805178153910288,3.441273839947102,2.8898817522284683,0.25768759406053426,561931.1146094265,218726.35157265642,5.334789062747721,213.3915625099088,1393.2884709169039,1870.4024173044006,174.60937000503117
2023-12-22 01:18:11.000,AAL419_KCLTtoKDTW,40.665,-82.10417,30000.0,380.0,0.0,13.0,105375.79549723607,-171309.71767468296,9144.0,0.36287841325959974,182.54372146396554,1146.6957859003353,446.3404483093077,0.010886352397787992,0.4354540959115197,2.845614048431869,4.098018851112754,0.3885710320695555,576838.1598261308,224528.7774006774,5.476311643918964,219.05246575675855,1430.2814535465182,1923.6766623688663,179.66079342193538
2023-12-22 01:18:22.000,AAL419_KCLTtoKDTW,40.68306,-82.11833,30000.0,417.0,0.0,11.0,104152.93312794191,-169318.88332358544,9144.0,0.3883893768867455,186.81600460971973,1227.3104309621158,477.718933570697,0.011651681306602366,0.4660672522640946,3.244958213320451,3.307765535329873,0.30283936899523956,590338.5745667141,229783.68566995507,5.60448013829159,224.1792055316636,1465.975993893043,1960.062083257495,182.99202648088303
2023-12-22 01:18:35.000,AAL419_KCLTtoKDTW,40.70361,-82.13444,30000.0,401.0,0.0,13.0,102762.44707885403,-167053.31720094447,9144.0,0.3757022732413875,191.70013416185776,1187.2191834427845,462.11379608690663,0.011271068197241624,0.45084272788966495,3.043866334995305,3.7150612464147885,0.34696369039717667,605772.4239514703,235791.16501908484,5.751004024855732,230.04016099422924,1505.546256247982,2008.3578794608873,187.5025544560463
2023-12-22 01:18:47.000,AAL419_KCLTtoKDTW,40.72278,-82.14944,30000.0,405.0,0.0,12.0,101468.46223098815,-164939.62292733698,9144.0,0.37862262601168506,196.243605673998,1196.4474981969247,465.7058299943726,0.011358678780350552,0.454347151214022,3.089682812738929,3.62400512029396,0.3370883452643812,620129.7939298333,241379.6349790173,5.887308170219939,235.49232680879751,1542.622450000849,2051.845940904415,191.5476145992189
2023-12-22 01:18:59.000,AAL419_KCLTtoKDTW,40.74194,-82.16444,30000.0,405.0,0.0,12.0,100175.21772649002,-162826.81449187707,9144.0,0.37860160778228097,200.78682496738537,1196.381080592008,465.6799775722056,0.01135804823346843,0.45432192933873716,3.089369931284701,3.6245550799413917,0.33714824002573995,634486.3668969375,246967.79470988378,6.02360474902156,240.94418996086236,1579.6948891762654,2095.3406018637115,195.59339347952778
2023-12-22 01:19:10.000,AAL419_KCLTtoKDTW,40.75972,-82.17861,30000.0,412.0,-667.0,11.0,98954.67961432686,-160866.2669790789,9144.0,0.2710804191134328,203.76870957763313,856.6141243984475,333.4289155095223,0.008132412573402983,0.32529650293611934,1.6964655018559966,5.335195920540291,0.5281167977468251,643909.1222653204,250635.51278048853,6.113061287328993,244.52245149315968,1598.3560096966814,2154.027756989655,201.40267825474285
2023-12-22 01:19:22.000,AAL419_KCLTtoKDTW,40.77861,-82.19361,29600.0,401.0,-1436.0,12.0,97663.24028049996,-158783.04036889048,9022.08,0.14787483983099622,205.54320765560507,467.2844938659481,181.88605299212534,0.004436245194929887,0.17744980779719546,0.6113596811952106,4.55562380046337,0.4604087883447023,649516.5361917118,252818.14541639402,6.166296229668151,246.65184918672603,1605.692325871024,2208.6952425952154,206.9275837148793
2023-12-22 01:19:35.000,AAL419_KCLTtoKDTW,40.79889,-82.20917,29100.0,393.0,-2269.0,13.0,96323.33993146617,-156545.66203364922,8869.68,0.07905429776562689,206.57091352655823,249.81158093938097,97.23678625172107,0.0023716289329688066,0.09486515731875227,0.3284242432402402,2.411303634988073,0.2436955801317733,652764.0867439237,254082.2236376664,6.197127405796746,247.8850962318698,1609.961841033147,2240.0421898500604,210.09562625659234
2023-12-22 01:19:47.000,AAL419_KCLTtoKDTW,40.8175,-82.22389,28600.0,394.0,-2500.0,12.0,95057.33934393387,-154492.79938156583,8717.28,0.07924577522354044,207.52186282924072,250.4166497063878,97.47230352495474,0.002377373256706213,0.09509493026824853,0.3306286311785787,2.3959196475724487,0.2421408154461517,655769.0865404004,255251.89127996587,6.22565588487722,249.02623539508878,1613.9293846072899,2268.7932256209297,213.00131604194615
2023-12-22 01:19:58.000,AAL419_KCLTtoKDTW,40.83583,-82.23833,28100.0,423.0,-2372.0,11.0,93815.98727891705,-152470.54733652927,8564.880000000001,0.08555950611532653,208.46301739650931,270.36803932443183,105.23819252185163,0.0025667851834597958,0.10267140733839183,0.3578604805331382,2.573191708586522,0.26005660884651016,658743.1349729692,256409.51139770623,6.253890521895278,250.15562087581108,1617.8658498931543,2297.0983344153815,215.86193873925777
2023-12-22 01:20:11.000,AAL419_KCLTtoKDTW,40.855,-82.25333,27600.0,374.0,-2512.0,13.0,92527.02072006682,-150355.28962790393,8412.48,0.07988869314807105,209.50157040743423,252.44827034790453,98.26309257212739,0.0023966607944421315,0.09586643177768527,0.33657420732190246,2.367279317140697,0.23924631396634702,662024.9624874919,257686.93160114388,6.285047112223026,251.40188448892098,1622.241314588339,2327.8729655382103,218.97214082082027
2023-12-22 01:20:23.000,AAL419_KCLTtoKDTW,40.87361,-82.26833,27200.0,396.0,-2406.0,12.0,91239.56034086375,-148302.07289960343,8290.560000000001,0.07981931274821476,210.4594021604128,252.22902828435863,98.17775468030415,0.0023945793824464425,0.09578317529785771,0.336990572910116,2.3546404009123254,0.23796897668794773,665051.7108269042,258865.06465730752,6.313782064812384,252.55128259249528,1626.2852014632604,2356.1286503491583,221.82776854107564
2023-12-22 01:20:36.000,AAL419_KCLTtoKDTW,40.89361,-82.28417,26600.0,391.0,-2266.0,13.0,89880.2922409001,-146094.95536866353,8107.68,0.08014314405475298,211.5012630331246,253.25233521301942,98.57606718734617,0.0024042943216425893,0.09617177286570357,0.34017359237350014,2.337987771159534,0.23628599814910184,668343.9911846734,260146.55353074303,6.345037890993737,253.80151563974943,1630.707458164116,2386.5224913742322,224.89948651701397
2023-12-22 01:20:47.000,AAL419_KCLTtoKDTW,40.91111,-82.29778,26200.0,402.0,-2224.0,11.0,88712.59902112554,-144163.26373038738,7985.76,0.0847416169601484,212.43342081968623,267.78350959406896,104.23218886098253,0.0025422485088044517,0.10168994035217807,0.36065984930894496,2.4581117452118093,0.24842618701608712,671289.6097902082,261293.10760821385,6.373002624590586,254.9201049836234,1634.6747165065142,2413.561720571562,227.63217457419094
2023-12-22 01:21:00.000,AAL419_KCLTtoKDTW,40.93056,-82.31333,25700.0,381.0,-2420.0,13.0,87379.92489627363,-142016.53955465544,7833.360000000001,0.08068300401806881,213.48229987192113,254.95829269709745,99.24009494222464,0.002420490120542064,0.09681960482168257,0.34524035001367737,2.314339211425986,0.23389598413347726,674604.0675952705,262583.22884246276,6.404468996157632,256.17875984630524,1639.162841056692,2443.6481303201,230.67282236792616
2023-12-22 01:21:11.000,AAL419_KCLTtoKDTW,40.94833,-82.32722,25300.0,409.0,-2330.0,11.0,86189.64311964283,-140054.7104977949,7711.4400000000005,0.08546983384722927,214.42246804424065,270.0846749572445,105.127895632092,0.002564095015416878,0.10256380061667512,0.36632361064154373,2.442736146911822,0.2468722701666203,677574.9990198001,263739.6356944158,6.432674041327218,257.30696165308865,1643.1924007737491,2470.5182279361297,233.38841733975897
2023-12-22 01:21:24.000,AAL419_KCLTtoKDTW,40.9675,-82.3425,24700.0,375.0,-2330.0,13.0,84881.46090841382,-137938.3956773035,7528.56,0.08125670174311317,215.4788051669011,256.7711775082376,99.9457431440292,0.002437701052293395,0.0975080420917358,0.350673061896924,2.2892278353210087,0.23135813229308066,680913.0243274072,265038.93035528815,6.464364155007032,258.5745662002812,1647.7511505784091,2500.2781897953028,236.39607305956903
2023-12-22 01:21:36.000,AAL419_KCLTtoKDTW,40.98556,-82.35694,24200.0,383.0,-1924.0,12.0,83645.94899250615,-135944.4521027863,7376.160000000001,0.09619271168966133,216.63311770717704,303.9689689393298,118.31703537828344,0.0028857813506898396,0.11543125402759359,0.41662494194427846,2.6892150215754076,0.2717823692017699,684560.6519546792,266458.73477982753,6.4989935312153095,259.9597412486123,1652.7506498817404,2532.5487700542076,239.65746148999028
2023-12-22 01:21:47.000,AAL419_KCLTtoKDTW,41.00306,-82.37083,24000.0,404.0,-1197.0,11.0,82457.959012583,-134012.03963500378,7315.200000000001,0.21455891376699981,218.99326575861403,678.0061675037194,263.90746393340976,0.006436767413009995,0.2574706965203998,1.1199720779668119,5.127574105458129,0.5151098995026742,692018.7197972201,269361.71688309504,6.569797972758419,262.79191891033673,1665.0703427393753,2588.952085214247,245.3236703845197
2023-12-22 01:22:00.000,AAL419_KCLTtoKDTW,41.02222,-82.38611,24000.0,375.0,-979.0,13.0,81151.91049431385,-131896.1717516019,7315.200000000001,0.2099253384806204,221.7222951588621,663.3640695987605,258.20816633116306,0.006297760154418612,0.2519104061767445,1.0741818548376982,5.106066690094005,0.5133934726063663,700642.452702004,272718.4230454002,6.651668854765861,266.0667541906344,1679.0347068522653,2655.330952185469,251.99778552840246
2023-12-22 01:22:11.000,AAL419_KCLTtoKDTW,41.03833,-82.39889,24000.0,372.0,-979.0,11.0,80060.01478740513,-130116.8768145848,7315.200000000001,0.206340088332912,223.99203613052413,652.034679132002,253.79830864948178,0.00619020264998736,0.2476081059994944,1.042674069613919,5.077468106181272,0.510765430510234,707814.8341724561,275510.2044405445,6.719761083915722,268.7904433566288,1690.5041216180184,2711.183101353463,257.61620526401504
2023-12-22 01:22:17.500,AAL419_KCLTtoKDTW,41.04778,-82.40639,23800.0,369.0,-1115.0,6.5,79419.47954636431,-129073.08366226622,7254.240000000001,0.18192972761296278,225.17457936000838,574.8979392569623,223.7735649639442,0.005457891828388883,0.21831567313555533,0.8426894322048339,4.811715572799871,0.4854588679820358,711551.6707776263,276964.7326128101,6.755237380800249,270.20949523200994,1695.9816029273497,2742.459252576662,260.77168790589826
2023-12-22 01:22:24.000,AAL419_KCLTtoKDTW,41.05722,-82.41389,23600.0,369.0,-1661.0,6.5,78779.13643587024,-128030.34636940333,7193.280000000001,0.10965563131896705,225.88734096358166,346.5117949679359,134.87642652232947,0.0032896689395690115,0.13158675758276045,0.4775910965633235,3.0295328689458825,0.30617619420197745,713803.9974449179,277841.42938520527,6.776620228907448,271.0648091562979,1699.0859450550113,2762.1512162248105,262.7618331682111
2023-12-22 01:22:36.000,AAL419_KCLTtoKDTW,41.075,-82.42806,23300.0,377.0,-1776.0,12.0,77569.87170658824,-126066.26471805021,7101.84,0.10663472007925574,227.16695760453274,336.96571545044816,131.16070569748456,0.003199041602377672,0.1279616640951069,0.46533564683152234,2.9336054314812054,0.2964813999901218,717847.5860303233,279415.3578535751,6.81500872813598,272.60034912543915,1704.6699728169895,2797.354481402585,266.3196099680926
2023-12-22 01:22:47.000,AAL419_KCLTtoKDTW,41.0925,-82.44194,23000.0,404.0,-1661.0,11.0,76385.87816851168,-124132.85879535072,7010.400000000001,0.15486284794113087,228.8704489318852,489.3665994939735,190.48130296759098,0.0046458854382339255,0.18583541752935703,0.6763489361084185,4.251819770347368,0.429705189556383,723230.618624757,281510.6521862186,6.866113467956553,274.6445387182621,1712.109811114182,2844.124498876406,271.0463670532128
2023-12-22 01:22:59.000,AAL419_KCLTtoKDTW,41.11,-82.45583,22600.0,370.0,-1712.0,12.0,75201.66453756022,-122199.2698664532,6888.4800000000005,0.1083626157287495,230.17080032063018,342.4258657028484,133.2860173463619,0.003250878471862485,0.13003513887449938,0.47566356279080013,2.9436350185067264,0.2974950284661053,727339.7290131912,283110.0843943749,6.905124009618903,276.2049603847561,1717.8177738676718,2879.4481190984866,274.6163073948061
2023-12-22 01:23:12.000,AAL419_KCLTtoKDTW,41.12861,-82.47083,22300.0,365.0,-1674.0,13.0,73923.8380976479,-120143.02273021844,6797.04,0.10827331895035772,231.57835346698482,342.1436878831304,133.17618230893999,0.0032481995685107313,0.12992798274042924,0.4765077216348844,2.924750792669248,0.2955865162804027,731787.5969556719,284841.37476439116,6.947350604009542,277.89402416038166,1724.0123742489252,2917.469879403187,278.4589321064513
2023-12-22 01:23:24.000,AAL419_KCLTtoKDTW,41.14667,-82.48528,21900.0,383.0,-1795.0,12.0,72693.38938561075,-118147.24171799004,6675.12,0.11622650605017655,232.97307153958695,367.2757591185579,142.95860244171715,0.0034867951815052965,0.13947180726021186,0.512586487066952,3.124583283081998,0.31578235307743596,736194.9060650946,286556.87799369177,6.989192146187605,279.5676858475042,1730.1634120937285,2954.964878800171,282.24832034338056
2023-12-22 01:23:36.000,AAL419_KCLTtoKDTW,41.16361,-82.49889,21700.0,360.0,-1628.0,12.0,71535.15328069201,-116275.08822636375,6614.160000000001,0.10997518323568509,234.29277373841518,347.5215790247649,135.26947537989267,0.0032992554970705523,0.1319702198828221,0.48636263034251964,2.939288745939529,0.29705577751516515,740365.1650133918,288180.11169825046,7.028783212152452,281.15132848609807,1735.9997636578387,2990.2363437514455,285.8129896735625
2023-12-22 01:23:48.000,AAL419_KCLTtoKDTW,41.18139,-82.51306,21200.0,377.0,-2000.0,12.0,70329.72953044734,-114309.80863438202,6461.76,0.09339780652949571,235.41354741676912,295.13706863320647,114.87930203127972,0.002801934195884871,0.11207736783539485,0.4142441633488537,2.479865169161096,0.25062467135138733,743906.8098369902,289558.6633226258,7.06240642250307,282.49625690012283,1740.9706936180248,3019.9947257813787,288.8204857297792
2023-12-22 01:24:00.000,AAL419_KCLTtoKDTW,41.19806,-82.52639,20900.0,353.0,-1833.0,12.0,69196.40916094667,-112467.0757199496,6370.320000000001,0.08763384354401886,236.46515353929735,276.9229455990996,107.7896275591432,0.002629015306320566,0.10516061225282262,0.3900493363892319,2.309332519478164,0.23338998867066546,747229.8851841794,290852.1388533355,7.093954606178917,283.7581842471567,1745.6512856546956,3047.706716015117,291.6211655938272
2023-12-22 01:24:12.000,AAL419_KCLTtoKDTW,41.21556,-82.54056,20400.0,372.0,-2000.0,12.0,67992.52364024811,-110532.54300341521,6217.92,0.09128366156249354,237.56055747804726,288.4563705374796,112.27890372186705,0.002738509846874806,0.10954039387499225,0.407403929892647,2.3902809721669303,0.2415709493147429,750691.3616306292,292199.4856979979,7.126816724341414,285.0726689736566,1750.5401328134074,3076.39008768112,294.5200169856041
2023-12-22 01:24:24.000,AAL419_KCLTtoKDTW,41.23194,-82.55389,20100.0,349.0,-1782.0,12.0,66860.66699537057,-108721.69203997409,6126.4800000000005,0.09005148111290359,238.6411752514021,284.56268031677536,110.76332176887142,0.0027015444333871076,0.1080617773354843,0.40327164780186076,2.3407222441072446,0.236562354457647,754106.1137944305,293528.64555922436,7.1592352575420595,286.3694103016824,1755.3793925870298,3104.4787546104067,297.3587652390959
2023-12-22 01:24:36.000,AAL419_KCLTtoKDTW,41.24917,-82.5675,19700.0,364.0,-1949.0,12.0,65705.09796263813,-106816.36602225728,6004.56,0.09016278216822336,239.72312863742079,284.91439165158585,110.90022206691474,0.0027048834650467007,0.10819533860186803,0.4046384248124658,2.3317037985856994,0.23565091581451214,757525.0864942495,294859.44822402735,7.19169385912262,287.66775436490485,1760.2350536847794,3132.459200193435,300.18657622887
2023-12-22 01:24:49.000,AAL419_KCLTtoKDTW,41.26639,-82.58111,19300.0,336.0,-1949.0,13.0,64550.13733012579,-104911.96826482723,5882.64,0.08510649891454042,240.82951312330982,268.93653656994775,104.68099366488471,0.0025531949674362123,0.1021277986974485,0.3835826291290789,2.1803623995626764,0.22035577442388748,761021.2614696588,296220.30114167085,7.2248853936992905,288.99541574797166,1765.2216278634573,3160.80391138775,303.05120129638055
2023-12-22 01:25:01.000,AAL419_KCLTtoKDTW,41.28278,-82.59444,18900.0,349.0,-2000.0,12.0,63419.98314538247,-103099.4696058261,5760.72,0.08513921325295043,241.85118368234524,269.03991387932336,104.72123230112904,0.002554176397588513,0.10216705590354051,0.38457853593801516,2.169643035289196,0.21927243441752511,764249.7404362106,297476.9559292844,7.255535510470352,290.22142041881415,1769.8365702947135,3186.83962781122,305.68247050939084
2023-12-22 01:25:13.000,AAL419_KCLTtoKDTW,41.29889,-82.60722,18500.0,341.0,-2000.0,12.0,62336.60231433114,-101317.52925866962,5638.8,0.08556828217458184,242.87800306844022,270.39577167167863,105.24898707473567,0.002567048465237455,0.10268193860949822,0.38775384144068786,2.164631463062265,0.21876594573501612,767494.4896962708,298739.94377418124,7.2863400920532015,291.4536036821281,1774.4896163920018,3212.8152053679673,308.307661858211
2023-12-22 01:25:25.000,AAL419_KCLTtoKDTW,41.31528,-82.62083,18100.0,351.0,-2000.0,12.0,61184.16320358785,-99504.88581937074,5516.88,0.0856632646276345,243.90596224397183,270.695916223325,105.36581549199043,0.002569897938829035,0.1027959175531614,0.3890696680157743,2.15501830979903,0.21779440364990196,770742.8406909506,300004.33356008516,7.31717886731915,292.68715469276606,1779.1584524081911,3238.6754250855556,310.92119470200987
2023-12-22 01:25:37.000,AAL419_KCLTtoKDTW,41.33139,-82.63361,17700.0,341.0,-2000.0,12.0,60101.856310437295,-97722.61164654672,5394.96,0.08614282083472878,244.93967609398857,272.2113138377429,105.9556696267164,0.0025842846250418634,0.10337138500167453,0.39250720575715237,2.1509106344197724,0.21737926624455145,774009.3764570035,301275.80159560574,7.348190282819653,293.92761131278615,1783.868538877277,3264.486352698593,313.52974589694446
2023-12-22 01:25:49.000,AAL419_KCLTtoKDTW,41.34722,-82.64639,17700.0,336.0,0.0,12.0,59020.33117040828,-95971.30984037992,5394.96,0.3834166073938755,249.54067538271508,1211.5964793646467,471.60242709446686,0.011502498221816265,0.4600999288726506,3.0406385868051853,4.577098373276836,0.4446713923778333,788548.5342093793,306935.03072073933,7.486220261481448,299.44881045925797,1820.3562019189392,3319.411533177915,318.86580260547845
2023-12-22 01:26:01.000,AAL419_KCLTtoKDTW,41.36361,-82.65944,17200.0,347.0,-2045.0,12.0,57916.28894592454,-94157.76104336402,5242.56,0.08639205876260304,250.57738008786632,272.9989056898256,106.26223227800175,0.002591761762878091,0.10367047051512365,0.39484940072841007,2.1409362864753567,0.21637122044165838,791824.5210776572,308210.1775080754,7.517321402635986,300.69285610543943,1825.09439472768,3345.102768615619,321.46225725077835
2023-12-22 01:26:13.000,AAL419_KCLTtoKDTW,41.38,-82.6725,16700.0,347.0,-2212.0,12.0,56811.959649901786,-92344.05053134177,5090.16,0.08676491391832,251.61855905488616,274.1771279818912,106.72084411953361,0.0026029474175496,0.104117896701984,0.3978572018781436,2.13286134154361,0.21555513558153502,795114.6466134399,309490.8276375098,7.548556771646581,301.94227086586324,1829.8686811502178,3370.6971047141424,324.04891887775676
2023-12-22 01:26:24.000,AAL419_KCLTtoKDTW,41.39556,-82.68528,16400.0,362.0,-2282.0,11.0,55732.24975600702,-90622.27959226702,4998.72,0.08670336337435951,252.5722960520041,273.98262826297605,106.64513695046219,0.002601100901230785,0.1040440360492314,0.3980504831758584,2.124205904607088,0.21468038397624822,798128.4555243326,310663.9241439649,7.5771688815601195,303.0867552624048,1834.2472364651521,3394.06336966482,326.4104031014955
2023-12-22 01:26:36.000,AAL419_KCLTtoKDTW,41.41194,-82.69861,15800.0,349.0,-2115.0,12.0,54606.48894145582,-88809.51975424225,4815.84,0.08741189035524359,253.62123873626703,276.22157352256977,107.51662513694961,0.0026223567106573075,0.1048942684262923,0.40308583418047655,2.118295840394227,0.214083090252608,801443.1144066034,311954.1236456083,7.608637162088007,304.3454864835203,1839.084266475318,3419.482919749551,328.9794001845268
2023-12-22 01:26:49.000,AAL419_KCLTtoKDTW,41.42889,-82.71222,15400.0,332.0,-1949.0,13.0,53457.471246252935,-86933.37920856397,4693.92,0.0880887223360211,254.7663921266353,278.3603625818267,108.34912847330594,0.0026426616700806326,0.1057064668032253,0.4075341452590742,2.1176903913221987,0.21402190125064777,805061.7991201672,313362.66231576126,7.642991763799055,305.7196705519622,1844.3822103636858,3447.0128948367396,331.7616849007852
2023-12-22 01:27:01.000,AAL419_KCLTtoKDTW,41.44583,-82.72583,15000.0,359.0,-1949.0,12.0,52309.052798176424,-85058.1678252324,4572.0,0.09975030470677261,255.96339578311657,315.21096287340146,122.6928747893303,0.002992509141203178,0.11970036564812712,0.46200422730009927,2.3889228155006377,0.24143368880059632,808844.3306746479,314834.9768132332,7.678901873493493,307.15607493973977,1849.926261091287,3475.6799686227473,334.6588891663924
2023-12-22 01:27:13.000,AAL419_KCLTtoKDTW,41.46167,-82.73944,14600.0,342.0,-1782.0,12.0,51162.09782774341,-83305.08631826489,4450.08,0.09743979015453828,257.132673264971,307.909736888341,119.85094189008208,0.002923193704636148,0.11692774818544593,0.4527371085401989,2.314995413141897,0.23396230239200014,812539.247517308,316273.18811591424,7.713980197949127,308.5592079179651,1855.3591063937693,3503.45991358045,337.4664367950964
2023-12-22 01:27:25.000,AAL419_KCLTtoKDTW,41.47611,-82.755,14400.0,337.0,-1667.0,12.0,49854.32534144434,-81708.62977279074,4389.12,0.1039046660865967,258.37952925801017,328.33874483364553,127.80273928651394,0.0031171399825979007,0.12468559930391603,0.4834452934456704,2.459626226613787,0.2485792463067125,816479.3124553118,317806.8209873524,7.751385877740302,310.0554351096121,1861.1604499151174,3532.9754282998156,340.44938775077696
2023-12-22 01:27:37.000,AAL419_KCLTtoKDTW,41.49,-82.77056,14100.0,329.0,-1667.0,12.0,48547.54382959496,-80173.09182152756,4297.68,0.09621750232477702,259.5341392859075,304.0473073462954,118.34752785947573,0.0028865250697433105,0.11546100278973243,0.4486052800266823,2.2652163686911915,0.22893144151666292,820127.8801434673,319226.9913216661,7.786024178577222,311.4409671430889,1866.5437132754375,3560.15802472411,343.19656504897694
2023-12-22 01:27:49.000,AAL419_KCLTtoKDTW,41.50389,-82.78556,13800.0,324.0,-1667.0,12.0,47287.95143857586,-78637.00721246071,4206.24,0.09219909002511428,260.64052836620886,291.34912447936114,113.40488073089057,0.0027659727007534286,0.11063890803013714,0.4306833201265617,2.159395239029925,0.2182367528806839,823624.0696372197,320587.8498904368,7.819215850986263,312.76863403945055,1871.7119131169563,3586.070767592469,345.81540608354516
2023-12-22 01:28:01.000,AAL419_KCLTtoKDTW,41.51778,-82.80111,13400.0,329.0,-1833.0,12.0,45983.10257654794,-77100.99728511425,4084.32,0.08979968480293116,261.71812458384403,283.76700397726245,110.45361230760533,0.0026939905440879347,0.10775962176351739,0.42029193494041167,2.09092586057601,0.21131697527097973,827029.2736849468,321913.29323812807,7.851543737515318,314.06174950061273,1876.7554163362413,3611.1618779193814,348.3512097867969
2023-12-22 01:28:13.000,AAL419_KCLTtoKDTW,41.53194,-82.81694,13000.0,335.0,-2000.0,12.0,44655.31429103662,-75534.87401722778,3962.4,0.08999140654305915,262.79802146236074,284.3728446760669,110.68943004796276,0.0026997421962917743,0.10798968785167097,0.42196104821498776,2.0834000067234295,0.21055638365821888,830441.7478210597,323241.5663987036,7.883940643870819,315.3576257548328,1881.8189489148212,3636.1626780000624,350.87788639069555
2023-12-22 01:28:25.000,AAL419_KCLTtoKDTW,41.545,-82.83111,12600.0,306.0,-2000.0,12.0,43466.99213869115,-74089.97674331444,3840.48,0.09109513056554466,263.89116302914726,287.8606125871211,112.04701059561994,0.0027328539169663396,0.10931415667865359,0.4285425630597552,2.0905320890352557,0.2112771792110099,833896.0751721051,324586.13052585104,7.916734890874415,316.66939563497664,1886.9614596715383,3661.2490630684856,353.41321254122767
2023-12-22 01:28:37.000,AAL419_KCLTtoKDTW,41.55917,-82.84694,12200.0,335.0,-2000.0,12.0,42140.29717409054,-72522.27604389976,3718.5600000000004,0.0906718202493804,264.9792248721398,286.5229519880421,111.5263389067379,0.002720154607481412,0.10880618429925648,0.4268503467968937,2.073069939649121,0.2095123875177303,837334.3505959616,325924.44659273187,7.949376746164192,317.9750698465677,1892.083663833101,3686.125902344275,355.9273611914404
2023-12-22 01:28:49.000,AAL419_KCLTtoKDTW,41.57306,-82.8625,11800.0,329.0,-1833.0,12.0,40836.8172096404,-70985.33536849609,3596.6400000000003,0.09116819108993997,266.0732431652191,288.0914838442103,112.13687504062617,0.0027350457326981987,0.10940182930792795,0.43010945312572596,2.0703790883894526,0.2092404397840404,840791.4484020921,327270.0890932194,7.9821972949565705,319.2878917982628,1897.2449772706095,3710.970451404948,358.4382464688489
2023-12-22 01:29:01.000,AAL419_KCLTtoKDTW,41.58667,-82.87722,11500.0,318.0,-1667.0,12.0,39603.927399181965,-69478.90357058038,3505.2000000000003,0.09189599641279629,267.17599512217265,290.3913486644363,113.03207558773944,0.0027568798923838884,0.11027519569535554,0.43433818234693494,2.075237272538835,0.20973142647998863,844276.1445860653,328626.4740002722,8.015279853665177,320.6111941466071,1902.4570354587727,3735.873298675414,360.9550235866088
2023-12-22 01:29:13.000,AAL419_KCLTtoKDTW,41.60028,-82.8925,11200.0,323.0,-1167.0,12.0,38324.98847505287,-67972.51054033883,3413.76,0.1676083726349457,269.187295593792,529.6424575264284,206.15829834098324,0.005028251179048371,0.20113004716193486,0.7930518029399144,3.76909693869054,0.38091937146340565,850631.8540763825,331100.37358036404,8.075618867813757,323.0247547125503,1911.9736570940518,3781.1024619397003,365.52605604416965
2023-12-22 01:29:25.000,AAL419_KCLTtoKDTW,41.61333,-82.90722,11100.0,310.0,-833.0,12.0,37093.46336640087,-66527.91511759313,3383.28,0.20869379199756352,271.6916210977628,659.4723827123007,256.69336415700315,0.006260813759926906,0.25043255039707624,1.034576623972972,4.526512941864517,0.45691393023254034,858545.5226689301,334180.69395024807,8.15074863293288,326.0299453173152,1924.3885765817274,3835.4206172420745,371.00902320696014
2023-12-22 01:29:37.000,AAL419_KCLTtoKDTW,41.62694,-82.92194,11000.0,318.0,-333.0,12.0,35862.12016037981,-65020.839072478135,3352.8,0.3259488280776067,275.60300703469403,1029.9982967252372,400.91705853545625,0.0097784648423282,0.39113859369312803,2.2229780187226873,5.03931421955058,0.5011680390835854,870905.5022296329,338991.6986526735,8.268090211040818,330.72360844163273,1951.0643128063996,3895.8923878766814,377.02303967596316
2023-12-22 01:29:49.000,AAL419_KCLTtoKDTW,41.63889,-82.93528,11000.0,283.0,0.0,12.0,34746.86916520944,-63697.57384398004,3352.8,0.36438822419371025,279.97566572501853,1151.4667884521243,448.1975157582636,0.010931646725811307,0.4372658690324523,2.6958416286602183,4.9296646672728155,0.4866852060271158,884723.1036910585,344370.0688417727,8.399269971750554,335.9707988700222,1983.4144123503222,3955.048363883955,382.8632621482885
2023-12-22 01:29:59.500,AAL419_KCLTtoKDTW,41.64945,-82.94708,11000.0,285.0,0.0,10.5,33760.7132178327,-62528.08799455093,3352.8,0.3658900053482755,283.81751078117543,1156.2124169005506,450.04470657837885,0.010976700160448265,0.4390680064179306,2.7162425483112904,4.919191171167677,0.48546430852563044,896863.3340685143,349095.53826084564,8.514525323435262,340.58101293741043,2011.9349591075907,4006.6998711812157,387.96063738780765
2023-12-22 01:30:10.000,AAL419_KCLTtoKDTW,41.66,-82.95889,11000.0,285.0,0.0,10.5,32774.052855991875,-61359.58184615761,3352.8,0.36587072059976533,287.65915334747297,1156.1514770952585,450.02098633771135,0.010976121617992959,0.4390448647197184,2.7159880737399757,4.91930163753801,0.48547741509000936,909002.9245780145,353820.75861739164,8.629774600424188,345.1909840169675,2040.4528338818604,4058.352538375365,393.05815024625275
2023-12-22 01:30:22.000,AAL419_KCLTtoKDTW,41.67222,-82.97222,11000.0,286.0,0.0,12.0,31660.6366651972,-60005.8087654925,3352.8,0.36664194289723595,292.0588566622398,1158.5885395552657,450.9695897636002,0.010999258286917078,0.43997033147668313,2.726489254751129,4.913835732182909,0.4848413289617152,922905.9870526777,359232.39369455486,8.761765699867192,350.4706279946877,2073.1707049388738,4117.31856716156,398.87624619379335
2023-12-22 01:30:25.000,AAL419_KCLTtoKDTW,41.675002867789104,-82.97536651326702,11000.0,284.6934893008902,0.0,12.0,31397.96919055767,-59697.51229677662,3352.8,0.36559077145300134,296.4459459196758,1155.2668377914842,449.6766488871917,0.01096772314359004,0.4387089257436016,2.7121994606728483,4.9212094339167765,0.4857001960895284,936769.1891061754,364628.51348120114,8.893378377590272,355.7351351036109,2105.717098466948,4176.373080368561,404.7046485468677
