recTime,acId,coord1,coord2,alt,groundSpeed,rateOfClimb,d_ts,x,y,z,fuel_flow,fuel_used,CO2_flow,H2O_flow,Soot_flow,SOx_flow,NOx_flow,CO_flow,HC_flow,CO2_emitted,H2O_emitted,Soot_emitted,SOx_emitted,NOx_emitted,CO_emitted,HC_emitted
2023-12-22 00:30:15,SWA3201_KBWItoKDTW,40.67817474259276,-80.77980736821634,34000.0,411.93754139597047,0.0,12.0,217021.05263222347,-167365.60356246078,10363.2,0.36784025056507985,4.414083006780958,1162.3751917856523,452.4435081950482,0.011035207516952396,0.44140830067809583,2.9597606099898384,3.4027836585804914,0.31196919372322157,13948.502301427827,5429.322098340578,0.13242249020342875,5.29689960813715,35.51712731987806,40.8334039029659,3.7436303246786586
2023-12-22 00:30:21,SWA3201_KBWItoKDTW,40.68306,-80.7925,34000.0,427.0,0.0,11.0,215934.97774433275,-166854.5161663745,10363.2,0.3816045689965986,8.611733265743542,1205.8704380292515,469.3736198658163,0.011448137069897958,0.4579254827959183,3.1763888647183465,2.8881520043268627,0.25636756622085005,27213.077119749592,10592.431916864556,0.2583519979723063,10.334079918892252,70.45740483177987,72.60307595056139,6.563673553108009
2023-12-22 00:30:34,SWA3201_KBWItoKDTW,40.69361,-80.81944,34000.0,386.0,0.0,13.0,213629.87408118497,-165748.9064553755,10363.2,0.3487665856421816,13.145698879091903,1102.102410629294,428.9829003398834,0.010462997569265447,0.4185199027706179,2.671264029965751,4.040952293779319,0.3811821427196058,41540.40845793041,16169.20962128304,0.3943709663727571,15.774838654910285,105.18383722133464,125.13545576969253,11.519041408462884
2023-12-22 00:30:46,SWA3201_KBWItoKDTW,40.70333,-80.84528,34000.0,398.0,0.0,12.0,211420.830767027,-164732.14267098394,10363.2,0.3567869014068654,17.42714169597429,1127.4466084456947,438.8478887304445,0.010703607042205961,0.4281442816882385,2.7910703921745164,3.7822257495257223,0.35308227447539753,55069.76775927875,21435.384286048375,0.5228142508792286,20.912570035169146,138.67668192742883,170.5221647640012,15.756028702167654
2023-12-22 00:30:58,SWA3201_KBWItoKDTW,40.71361,-80.87167,34000.0,409.0,0.0,12.0,209164.2870083104,-163653.79655455513,10363.2,0.3652998170977501,21.81073950114729,1154.3474220288904,449.31877503023264,0.010958994512932503,0.4383597805173001,2.9206417466823362,3.492191148267536,0.32164763206607233,68921.93682362544,26827.209586411165,0.6543221850344186,26.172887401376748,173.72438288761685,212.4284585432116,19.61580028696052
2023-12-22 00:31:09,SWA3201_KBWItoKDTW,40.72278,-80.89583,34000.0,407.0,0.0,11.0,207099.77123461492,-162692.79231895503,10363.2,0.3636474088298193,25.810860998275302,1149.1258119022289,447.2863128606777,0.010909422264894577,0.4363768905957831,2.89530345898446,3.549680179206916,0.32787357997804684,81562.32075454996,31747.35902787862,0.7743258299482589,30.973033197930363,205.5727209364459,251.47494051448768,23.222409666719038
2023-12-22 00:31:21,SWA3201_KBWItoKDTW,40.7325,-80.92194,34000.0,401.0,0.0,12.0,204869.83106041412,-161674.70728097222,10363.2,0.3589454671432171,30.118206603993908,1134.267676172566,441.50292458615706,0.010768364014296513,0.43073456057186055,2.823722687499089,3.7099562945282067,0.3452440617505447,95173.53286862075,37045.394122912505,0.9035461981198171,36.141847924792685,239.45739318643496,295.99441604882617,27.365338407725574
2023-12-22 00:31:33,SWA3201_KBWItoKDTW,40.7425,-80.94833,34000.0,407.0,0.0,12.0,202616.07340598587,-160625.47600563592,10363.2,0.3636086552693896,34.481510467226585,1149.0033506512711,447.23864598134924,0.010908259658081688,0.43633038632326754,2.894739986031358,3.550814002288641,0.3279968827806187,108961.573076436,42412.257874688694,1.0344453140167973,41.3778125606719,274.19427301881126,338.60418407628987,31.301301001092998
2023-12-22 00:31:46,SWA3201_KBWItoKDTW,40.75278,-80.975,34000.0,381.0,0.0,13.0,200338.5367731283,-159545.07634557947,10363.2,0.34568487797189495,38.97541388086122,1092.3642143911882,425.1923999054308,0.010370546339156848,0.41482185356627393,2.625867176846604,4.136233007124431,0.39154744171619216,123162.30786352145,47939.759073459296,1.1692624164258363,46.77049665703346,308.3305463178171,392.37521316890746,36.391417743403494
2023-12-22 00:31:58,SWA3201_KBWItoKDTW,40.76222,-81.00028,34000.0,389.0,0.0,12.0,198181.24439019125,-158554.15336227373,10363.2,0.35049681193367255,43.18137562406529,1107.5699257104052,431.11107867841724,0.010514904358010176,0.420596174320407,2.6970674604832343,3.9853570161579928,0.3751414191985501,136453.14697204632,53113.092017600306,1.2954412687219583,51.81765074887835,340.6953558436159,440.19949736280336,40.893114773786095
2023-12-22 00:32:10,SWA3201_KBWItoKDTW,40.7725,-81.0275,34000.0,419.0,0.0,12.0,195858.71632284074,-157473.6284920507,10363.2,0.3738693677494951,47.66780803705923,1181.4272020884046,459.85932233187896,0.011216081032484853,0.4486432412993941,3.0538766878235224,3.1822228878770686,0.28812141500641336,150630.27339710717,58631.403885582855,1.4300342411117766,57.20136964447108,377.3418760974982,478.3861720173282,44.35057175386306
2023-12-22 00:32:22,SWA3201_KBWItoKDTW,40.78222,-81.05278,34000.0,391.0,0.0,12.0,193701.82939939768,-156450.25881385332,10363.2,0.3517579403029601,51.88890332069475,1111.5550913573538,432.66226657264093,0.010552738209088803,0.4221095283635521,2.7158689755560497,3.944896448539704,0.370745726889611,163968.9344933954,63823.351084454545,1.5566670996208423,62.266683984833705,409.9323038041708,525.7249293998046,48.79952047653839
2023-12-22 00:32:32,SWA3201_KBWItoKDTW,40.79083,-81.07556,34000.0,421.0,0.0,10.0,191759.19762149092,-155544.08750789054,10363.2,0.3756721687813715,55.64562500850847,1187.1240533491339,462.07676760108694,0.011270165063441145,0.45080660253764576,3.0822765943008035,3.1146265279067156,0.2808186497291909,175840.17502688675,68444.11876046541,1.6693687502552537,66.77475001021017,440.7550697471788,556.8711946788718,51.6077069738303
2023-12-22 00:32:44,SWA3201_KBWItoKDTW,40.80056,-81.10111,34000.0,394.0,0.0,12.0,189580.71359770643,-154518.9942830172,10363.2,0.3537464901905777,59.8905828907954,1117.8389090022256,435.10818293441054,0.01061239470571733,0.4244957882286932,2.7455906478883203,3.880624479784728,0.36376557627158485,189254.24193491344,73665.41695567835,1.7967174867238616,71.86869946895449,473.70215752183867,603.4386884362885,55.97289388908931
2023-12-22 00:32:56,SWA3201_KBWItoKDTW,40.81056,-81.1275,34000.0,406.0,0.0,12.0,187331.3976433667,-153465.0654263097,10363.2,0.3626662893811377,64.24257836336905,1146.025474444395,446.0795359387994,0.010879988681434132,0.43519954725736526,2.88043572515639,3.5826074401624184,0.33144279519976794,203006.5476282462,79018.37138694394,1.9272773509010712,77.09109403604288,508.26738622371533,646.4299777182375,59.950207431486525
2023-12-22 00:33:08,SWA3201_KBWItoKDTW,40.82028,-81.15333,34000.0,397.0,0.0,12.0,185130.63759612292,-152440.36916335145,10363.2,0.3558166402173057,68.51237804597672,1124.3805830866859,437.654467467286,0.01067449920651917,0.42697996826076684,2.776669195721004,3.8128344608819122,0.35640717550587936,216499.11462528643,84270.22499655138,2.0553713413793013,82.21485365517208,541.5874165723674,692.1839912488205,64.22709353755708
2023-12-22 00:33:20,SWA3201_KBWItoKDTW,40.83,-81.17917,34000.0,397.0,0.0,12.0,182929.65947451646,-151415.03219683692,10363.2,0.3557958643327681,72.78192841796994,1124.3149312915473,437.62891312930475,0.010673875929983043,0.4269550371993217,2.7763737013456598,3.8134013778507754,0.35646899201639026,229990.893800785,89521.77195410304,2.1834578525390977,87.33831410156394,574.9039009885153,737.9448077830298,68.50472144175376
2023-12-22 00:33:32,SWA3201_KBWItoKDTW,40.84,-81.20611,34000.0,413.0,0.0,12.0,180636.01852441917,-150360.21446412476,10363.2,0.3684174027130126,77.20293725052609,1164.1989925731198,453.1534053370055,0.011052522081390377,0.4421008832556151,2.9689470781109284,3.3803847575119974,0.30954963108374667,243961.28171166245,94959.6128181471,2.316088117515782,92.64352470063132,610.5312659258464,778.5094248731738,72.21931701475872
2023-12-22 00:33:44,SWA3201_KBWItoKDTW,40.85,-81.23222,34000.0,403.0,0.0,12.0,178412.84396697697,-149302.95583015378,10363.2,0.3602270176813649,81.52566146270247,1138.317375873113,443.0792317480788,0.010806810530440946,0.43227242121763787,2.843348387823425,3.665423805964992,0.34041895582833753,257621.0902221398,100276.56359912404,2.4457698438810733,97.83079375524298,644.6514465797275,822.4945105447537,76.30434448469876
2023-12-22 00:33:56,SWA3201_KBWItoKDTW,40.86,-81.25861,34000.0,406.0,0.0,12.0,176166.77597606153,-148245.5946994132,10363.2,0.3625650368087124,85.87644190440702,1145.7055163155312,445.9549952747162,0.010876951104261371,0.43507804417045487,2.8789675863646504,3.5855447544173105,0.3317623280517618,271369.5564179262,105628.02354242063,2.57629325713221,103.05173028528844,679.1990576161032,865.5210475977614,80.2854924213199
2023-12-22 00:34:08,SWA3201_KBWItoKDTW,40.87028,-81.28556,34000.0,415.0,0.0,12.0,173873.5438140625,-147157.54611891133,10363.2,0.3700973957180726,90.31761065302389,1169.5077704691093,455.2197967332293,0.011102921871542177,0.4441168748616871,2.99507004126652,3.319577201667162,0.3029725961154524,285403.64966355555,111090.66110321939,2.7095283195907163,108.38113278362869,715.1398981113015,905.3559740177673,83.92116357470533
2023-12-22 00:34:20,SWA3201_KBWItoKDTW,40.88028,-81.31194,34000.0,406.0,0.0,12.0,171629.64570652207,-146098.76981428493,10363.2,0.36252390407925084,94.6678975019749,1145.5755368904327,445.9044020174785,0.010875717122377525,0.435028684895101,2.878371277262192,3.5867373774255276,0.3318920689728613,299150.5561062407,116441.51392742913,2.8400369250592465,113.6014770023699,749.6803534384478,948.3968225468736,87.90386840237967
2023-12-22 00:34:33,SWA3201_KBWItoKDTW,40.89056,-81.33944,34000.0,389.0,0.0,13.0,169291.55224685298,-145010.37992447248,10363.2,0.3502159257602744,99.22070453685848,1106.682325402467,430.7655886851375,0.01050647777280823,0.42025911091232926,2.6931349888926097,3.9926321186853593,0.37593637026608284,313537.4263364728,122041.46658033592,2.9766211361057535,119.06484544423019,784.6911082940518,1000.3010400897833,92.79104121583875
2023-12-22 00:34:44,SWA3201_KBWItoKDTW,40.89972,-81.36389,34000.0,409.0,0.0,11.0,167213.31447833014,-144039.83368092007,10363.2,0.36492170896453835,103.2348433354684,1153.1526003279412,448.85370202638217,0.01094765126893615,0.437906050757446,2.9151211272459587,3.5033970226431537,0.32286569031732804,326222.10494008014,126978.85730262613,3.097045300064051,123.8818120025621,816.7574406937573,1038.838407338858,96.34256380932935
2023-12-22 00:34:56,SWA3201_KBWItoKDTW,40.90972,-81.39083,34000.0,413.0,0.0,12.0,164924.30787521743,-142980.08503881772,10363.2,0.3682790245478142,107.65419163004216,1163.761717571093,452.98320019381146,0.011048370736434426,0.441934829457377,2.9669084552002736,3.3845993425676273,0.3100072982447646,340187.24555093324,132414.65570495187,3.229625748901264,129.1850299560506,852.3603421561606,1079.4535994496694,100.06265138826652
2023-12-22 00:35:08,SWA3201_KBWItoKDTW,40.91972,-81.41722,34000.0,406.0,0.0,12.0,162682.17719433672,-141918.57749215898,10363.2,0.3624428189745811,112.00350545773713,1145.3193079596763,445.80466733873476,0.010873284569237432,0.4349313827694973,2.877195950114177,3.5890873367183467,0.332147716501898,353931.07724644936,137764.31171301668,3.360105163732113,134.4042065492846,886.8866935575307,1122.5226474902895,104.0484239862893
2023-12-22 00:35:20,SWA3201_KBWItoKDTW,40.93,-81.44444,34000.0,418.0,0.0,12.0,160370.30288314738,-140826.7991127767,10363.2,0.37265508439274125,116.47536647045003,1177.5900666810624,458.36575380307175,0.011179652531782238,0.4471861012712895,3.0350680067244507,3.2255278013043296,0.2928051938669532,368062.1580466221,143264.70075865355,3.4942609941135,139.77043976454007,923.3075096382241,1161.2289811059416,107.56208631269273
2023-12-22 00:35:33,SWA3201_KBWItoKDTW,40.94028,-81.47222,34000.0,392.0,0.0,13.0,158012.09667647898,-139735.31710853757,10363.2,0.35208233491803914,121.05243682438453,1112.5801783410036,433.06127194918815,0.010562470047541173,0.42249880190164696,2.72098958142284,3.9325463862080414,0.3694091469356323,382525.7003650552,148894.497293993,3.6315731047315354,145.26292418926147,958.680374196721,1212.352084126646,112.36440522285595
2023-12-22 00:35:45,SWA3201_KBWItoKDTW,40.95,-81.49833,34000.0,400.0,0.0,12.0,155796.1664292902,-138702.30729402445,10363.2,0.35773907333019855,125.34530570434691,1130.4554717234275,440.0190601961442,0.010732172199905956,0.42928688799623826,2.8058454322803192,3.7477658181461213,0.34935094636036085,396091.1660257363,154174.7260163467,3.760359171130407,150.41436684521634,992.3505193840848,1257.3252739443997,116.55661657918029
2023-12-22 00:35:57,SWA3201_KBWItoKDTW,40.96028,-81.52583,34000.0,421.0,-333.0,12.0,153462.85398634244,-137608.84501553973,10363.2,0.3261616861217815,129.2592459378083,1030.6709281448295,401.1788739297912,0.009784850583653444,0.39139402334613776,2.3827726500145254,4.4486828121199045,0.4263770356826956,408459.21716347424,158988.87250350422,3.8777773781342484,155.11109512536999,1020.9437911842591,1310.7094676898384,121.67314100737264
2023-12-22 00:36:09,SWA3201_KBWItoKDTW,40.97,-81.55222,33800.0,403.0,-500.0,12.0,151224.72225172055,-136574.94399133616,10302.24,0.2858720384928124,132.68971039972203,903.3556416372871,351.62260734615927,0.008576161154784372,0.34304644619137487,1.8717443609665352,5.189955044987621,0.5090020733448829,419299.4848631217,163208.34379165812,3.9806913119916607,159.2276524796665,1043.4047235158575,1372.98892822969,127.78116588751124
2023-12-22 00:36:21,SWA3201_KBWItoKDTW,40.98028,-81.57944,33500.0,418.0,-833.0,12.0,148916.29126982784,-135479.53176930433,10210.800000000001,0.256156408069437,135.76358729655527,809.4542494994209,315.0723819254075,0.00768469224208311,0.3073876896833244,1.5437012141516666,5.4335616884774725,0.5381545028471064,429012.93585711473,166989.212374763,4.072907618896658,162.91630475586638,1061.9291380856776,1438.1916684914195,134.23901992167652
2023-12-22 00:36:33,SWA3201_KBWItoKDTW,40.99,-81.60611,33400.0,407.0,-1000.0,12.0,146655.97318243855,-134444.71067094387,10180.32,0.2222926222018997,138.43109876297808,702.444686158003,273.4199253083366,0.00666877866605699,0.2667511466422796,1.2007212116865733,5.52274043596153,0.5516034511258764,437442.27209101076,170270.25147846306,4.152932962889342,166.11731851557374,1076.3377926259163,1504.4645537229578,140.85826133518702
2023-12-22 00:36:45,SWA3201_KBWItoKDTW,41.00056,-81.63417,33200.0,430.0,-1000.0,12.0,144277.81514744853,-133318.12892005482,10119.36,0.2500772865188929,141.4320262012048,790.2442253997015,307.59506241823823,0.007502318595566786,0.3000927438226714,1.4825558930642735,5.443502778561675,0.5400357470404126,446925.20279580716,173961.39222748193,4.242960786036144,169.7184314414458,1094.1284633426876,1569.7865870656979,147.33869029967198
2023-12-22 00:36:57,SWA3201_KBWItoKDTW,41.01083,-81.66111,33000.0,414.0,-974.0,12.0,141994.9927453966,-132221.16224501102,10058.4,0.23576113790639802,144.26115985608158,745.0051957842178,289.9861996248696,0.00707283413719194,0.2829133654876776,1.3319622804287095,5.504981996790945,0.5483297387418113,455865.26514521777,177441.22662298038,4.327834795682447,173.11339182729793,1110.112010707832,1635.8463710271892,153.9186471645737
2023-12-22 00:37:09,SWA3201_KBWItoKDTW,41.02083,-81.68833,32800.0,415.0,-1000.0,12.0,139689.95393697338,-131153.95351570865,9997.44,0.2346816995353118,147.07734025050533,741.5941705315853,288.6584904284335,0.007040450986059353,0.2816180394423741,1.3212601922297131,5.500059492970794,0.5480405228594565,464764.39519159676,180905.1285081216,4.412320207515159,176.4928083006064,1125.9671330145886,1701.8470849428388,160.4951334388872
2023-12-22 00:37:22,SWA3201_KBWItoKDTW,41.03111,-81.71583,32600.0,389.0,-1000.0,13.0,137361.52458705343,-130055.32997664803,9936.480000000001,0.2076744760440086,149.77710843907744,656.2513442990672,255.43960553413058,0.006230234281320257,0.2492093712528103,1.0629925740065675,5.460151013539674,0.547204947182905,473295.66266748466,184225.8433800653,4.493313253172323,179.73253012689295,1139.786036476674,1772.8290481188546,167.60879775226496
2023-12-22 00:37:34,SWA3201_KBWItoKDTW,41.04139,-81.74333,32400.0,421.0,-1000.0,12.0,135033.80448695083,-128955.96017965101,9875.52,0.2445215824283553,152.7113674282177,772.6882004736028,300.76154638687706,0.007335647472850659,0.2934258989140264,1.4210409361981855,5.465815660345219,0.5434908466142252,482567.9210731679,187834.9819367078,4.581341022846531,183.25364091386126,1156.8385277110524,1838.4188360429973,174.13068791163568
2023-12-22 00:37:46,SWA3201_KBWItoKDTW,41.05139,-81.77056,32100.0,415.0,-974.0,12.0,132730.00170958025,-127886.5587115506,9784.08,0.24263855947233726,155.62303014188575,766.7378479325857,298.4454281509748,0.007279156784170117,0.2911662713668047,1.3997429426419568,5.4726445772080385,0.544603642897058,491768.7752483589,191416.3270745195,4.6686909042565725,186.74763617026292,1173.635443022756,1904.090570969494,180.66593162640038
2023-12-22 00:37:58,SWA3201_KBWItoKDTW,41.06111,-81.79667,31900.0,399.0,-1000.0,12.0,130521.33632937273,-126845.85649700806,9723.12,0.22165127946347665,158.28284549544748,700.4180431045862,272.63107374007626,0.006649538383904299,0.26598153535617197,1.191345961093679,5.478930877355428,0.5478403584238526,500173.79176561395,194687.8999594004,4.748485364863424,189.939414594537,1187.93159455588,1969.837741497759,187.2400159274866
2023-12-22 00:38:11,SWA3201_KBWItoKDTW,41.07167,-81.82556,31700.0,406.0,-1000.0,13.0,128078.63439772063,-125715.23611625771,9662.16,0.23085658470908058,161.2839810966655,729.5068076806946,283.9535991921691,0.006925697541272417,0.2770279016508967,1.2802103509029998,5.480787833247447,0.5470480544123801,509657.38026546297,198379.2967488986,4.8385194328999654,193.54077731599867,1204.574329117619,2041.0879833299757,194.35164063484754
2023-12-22 00:38:23,SWA3201_KBWItoKDTW,41.08167,-81.85278,31500.0,415.0,-1000.0,12.0,125777.73829950277,-124643.6125710802,9601.2,0.2431790798285832,164.20213005460852,768.4458922583229,299.11026818915735,0.007295372394857495,0.2918148957942998,1.4042569371820617,5.459094452427501,0.5434319312611807,518878.73097256286,201968.6199671685,4.926063901638256,197.04255606553028,1221.4254123638038,2106.5971167591056,200.8728238099817
2023-12-22 00:38:35,SWA3201_KBWItoKDTW,41.09139,-81.87889,31300.0,399.0,-1000.0,12.0,123571.07111308338,-123600.79437032658,9540.24,0.22499776470499885,166.9021032310685,710.9929364677964,276.7472505871486,0.006749932941149965,0.2699973176459986,1.2221333737709474,5.466361526691258,0.546422857318132,527410.6462101764,205289.58697421427,5.007063096932055,200.28252387728227,1236.0910128490552,2172.193455079401,207.42989809779928
2023-12-22 00:38:47,SWA3201_KBWItoKDTW,41.10139,-81.90611,31100.0,415.0,-1000.0,12.0,121271.52097203769,-122527.74061984604,9479.28,0.2459601885046018,169.85362549312373,777.2341956745416,302.5310318606602,0.007378805655138054,0.2951522262055222,1.4319135582852338,5.445607281778741,0.5419072717311081,536737.4565582708,208919.95935654218,5.095608764793711,203.82435059174853,1253.2739755484781,2237.5407424607456,213.93278535857257
2023-12-22 00:38:59,SWA3201_KBWItoKDTW,41.11111,-81.9325,30900.0,402.0,-1000.0,12.0,119042.69806871364,-121483.93900473436,9418.32,0.2309336272107163,172.62482901965234,729.7502619858635,284.04836146918103,0.006928008816321489,0.27712035265285956,1.279020284638817,5.460891082956838,0.5453554734993131,545494.4597021012,212328.53969417236,5.178744870589569,207.14979482358285,1268.622218964144,2303.071435456228,220.47705104056433
2023-12-22 00:39:05,SWA3201_KBWItoKDTW,41.11597,-81.94555,30800.0,399.0,-1000.0,6.0,117940.67495169264,-120961.58189681123,9387.84,0.22791198096552281,173.9923009054455,720.2018598510521,280.33173658759307,0.0068373594289656845,0.27349437715862734,1.2492277731108086,5.455803327985129,0.5452215701877735,549815.6708612075,214010.53011369793,5.219769027163363,208.79076108653462,1276.1175856028087,2335.8062554241387,223.74838046169097
2023-12-22 00:39:11,SWA3201_KBWItoKDTW,41.12083,-81.95861,30700.0,399.0,-1000.0,6.0,116837.97405389577,-120439.07072068551,9357.36,0.22850917308289345,175.36335594394285,722.0889869419433,281.06628289195896,0.0068552751924868035,0.27421100769947215,1.2548126515258324,5.453676248285409,0.5449784206618987,554148.2047828592,215696.92781104968,5.260900678318285,210.43602713273145,1283.6464615119637,2368.528312913851,227.01825098566238
2023-12-22 00:39:23,SWA3201_KBWItoKDTW,41.13083,-81.98556,30500.0,411.0,-1000.0,12.0,114563.04899710495,-119363.52018183554,9296.4,0.24495591767511427,178.3028269560442,774.060699853361,301.2957787403906,0.007348677530253428,0.2939471012101371,1.4196179711315826,5.439575042711792,0.5417073328808296,563436.9331810995,219312.47715593438,5.349084808681326,213.9633923472531,1300.6818771655428,2433.8032134263926,233.51873898023234
2023-12-22 00:39:34,SWA3201_KBWItoKDTW,41.13944,-82.00917,30300.0,392.0,-1000.0,11.0,112570.88167195162,-118437.43097777313,9235.44,0.22246571452192182,180.74994981578536,702.9916578892729,273.63282886196384,0.006673971435657654,0.26695885742630615,1.1958434444499058,5.430249431694776,0.5434107571436408,571169.8414178814,222322.438273416,5.42249849447356,216.89993977894247,1313.8361550544917,2493.535957175035,239.4962573088124
2023-12-22 00:39:46,SWA3201_KBWItoKDTW,41.14917,-82.03556,30100.0,402.0,-1030.0,12.0,110344.57001013962,-117389.84057932955,9174.48,0.23188118470026567,183.53252403218855,732.7445436528395,285.2138571813268,0.00695643554100797,0.2782574216403188,1.2871774451400317,5.437377873733693,0.5431658244900222,579962.7759417155,225745.0045595919,5.5059757209656555,220.2390288386263,1329.2822843961721,2558.784491659839,246.01424720269267
2023-12-22 00:39:58,SWA3201_KBWItoKDTW,41.15889,-82.06222,29900.0,405.0,-1197.0,12.0,108096.3206666083,-116343.0170483625,9113.52,0.21466676228980233,186.10852517966617,678.3469688357753,264.0401176164569,0.00644000286869407,0.2576001147477628,1.126406117079694,5.372955057747144,0.5384212551116675,588102.9395677447,228913.4859709894,5.583255755389985,223.33023021559944,1342.7991578011286,2623.259952352805,252.47530226403268
2023-12-22 00:40:10,SWA3201_KBWItoKDTW,41.16833,-82.08806,29600.0,393.0,-1500.0,12.0,105917.81580841479,-115325.61577191729,9022.08,0.16234972823339144,188.05672191846688,513.025141217517,199.69016572707147,0.004870491847001743,0.19481967388006974,0.699786020677187,4.848451116990175,0.48947145094491545,594259.2412623549,231309.76795971426,5.641701657554005,225.66806630216027,1351.1965900492548,2681.4413657566874,258.34895967537165
2023-12-22 00:40:22,SWA3201_KBWItoKDTW,41.17778,-82.11417,29200.0,396.0,-1881.0,12.0,103717.31519980826,-114306.77250798428,8900.16,0.12565725815716336,189.56460901635285,397.0769357766362,154.55842753331092,0.0037697177447149005,0.15078870978859601,0.5214831001065575,3.841061955670731,0.38819243169012696,599024.1644916745,233164.469090114,5.686938270490584,227.4775308196234,1357.4543872505335,2727.5341092247363,263.0072688556532
2023-12-22 00:40:36,SWA3201_KBWItoKDTW,41.18917,-82.14444,28700.0,397.0,-2048.0,14.0,101166.32243431757,-113076.4655585633,8747.76,0.11325302694061191,191.1501513935214,357.87956513233365,139.30122313695264,0.0033975908082183575,0.1359036323287343,0.47201929906392803,3.4314656920842244,0.3467970646255333,604034.4784035272,235114.68621403133,5.7345045418056415,229.3801816722257,1364.0626574374285,2775.5746289139156,267.86242776041064
2023-12-22 00:40:48,SWA3201_KBWItoKDTW,41.19861,-82.17111,28200.0,403.0,-2048.0,12.0,98920.34719455251,-112057.93321333507,8595.36,0.12264536690055745,192.6218957963281,387.55935940576154,150.85380128768566,0.0036793610070167235,0.14717444028066895,0.51318335894866,3.6857839439173397,0.37249944114058214,608685.1907163963,236924.93182948357,5.778656873889842,231.14627495559373,1370.2208577448123,2819.804036240924,272.3324210540976
2023-12-22 00:41:00,SWA3201_KBWItoKDTW,41.2075,-82.19556,27800.0,371.0,-2214.0,12.0,96861.53406409213,-111097.3530064282,8473.44,0.0821578581174142,193.60779009373707,259.61883165102887,101.05416548441947,0.002464735743522426,0.09858942974089704,0.3456042894357998,2.442313059333663,0.2468295113156361,611800.6166962087,238137.5818152966,5.808233702812111,232.3293481124845,1374.3681092180418,2849.1117929529278,275.2943751898852
2023-12-22 00:41:12,SWA3201_KBWItoKDTW,41.21778,-82.22139,27400.0,399.0,-2269.0,12.0,94685.82105803718,-109983.15629075539,8351.52,0.10257933037230414,194.8387420582047,324.1506839764811,126.17257635793409,0.003077379911169124,0.12309519644676496,0.43226958853286646,3.0378529128600755,0.30701704970394383,615690.4249039264,239651.6527315918,5.8451622617461405,233.80649046984567,1379.5553442804362,2885.5660279072486,278.97857978633255
2023-12-22 00:41:24,SWA3201_KBWItoKDTW,41.23056,-82.24444,26900.0,391.0,-2269.0,12.0,92739.69129345547,-108587.32924480195,8199.12,0.09647212459693606,195.99640755336793,304.85191372631795,118.66071325423135,0.002894163737908082,0.11576654951632327,0.4084521476821096,2.8292116260952853,0.28593096221175757,619348.6478686422,241075.58129064259,5.879892226601037,235.19568906404155,1384.4567700526216,2919.5165674203918,282.4097513328736
2023-12-22 00:41:37,SWA3201_KBWItoKDTW,41.24611,-82.26611,26400.0,378.0,-2269.0,13.0,90905.80827345511,-106881.5218975766,8046.72,0.08690189481730662,197.12613218599293,274.6099876226889,106.88933062528714,0.0026070568445191985,0.10428227378076795,0.3697582759033311,2.522484746127131,0.25493196902348664,622918.5777077372,242465.14258877133,5.913783965579787,236.55135862319153,1389.2636276393648,2952.3088691200446,285.72386693017893
2023-12-22 00:41:49,SWA3201_KBWItoKDTW,41.26333,-82.28444,25900.0,401.0,-2436.0,12.0,89349.65108433654,-104986.09011101839,7894.320000000001,0.09861195210195814,198.3094756112164,311.6137686421877,121.29270108540851,0.002958358563058744,0.11833434252234976,0.4207658267794777,2.8451585032118483,0.28754261468630377,626657.9429314435,243920.65500179623,5.949284268336492,237.97137073345974,1394.3128175607185,2986.4507711585866,289.17437830641455
2023-12-22 00:42:01,SWA3201_KBWItoKDTW,41.28,-82.30167,25500.0,384.0,-2269.0,12.0,87886.9580675078,-103150.3532140498,7772.400000000001,0.09472840203353411,199.44621643561882,299.3417504259678,116.51593450124696,0.0028418520610060233,0.11367408244024092,0.40593958659343815,2.7087242976015014,0.2737540513533432,630250.043936555,245318.84621581118,5.983386493068564,239.33545972274263,1399.1840925998397,3018.955462729805,292.45942692265464
2023-12-22 00:42:13,SWA3201_KBWItoKDTW,41.29667,-82.31944,25000.0,388.0,-1864.0,12.0,86379.88594280306,-101314.86592061238,7620.0,0.1392950386718384,201.11775689968087,440.17232220300934,171.33289756636123,0.004178851160155152,0.16715404640620607,0.5992353705632203,3.950542921280087,0.39925699736341297,635532.1118029911,247374.8409866075,6.033532706990426,241.3413082796171,1406.3749170465983,3066.361977785166,297.2505108910156
2023-12-22 00:42:24,SWA3201_KBWItoKDTW,41.3125,-82.33694,24800.0,408.0,-1864.0,11.0,84897.21915737003,-99572.1984362321,7559.04,0.17286650161935932,203.0192884174938,546.2581451171754,212.62579699181197,0.00518599504858078,0.20743980194323117,0.7783047889120904,4.738099381400173,0.4782792541686641,641540.9513992801,249713.72475351745,6.090578652524815,243.62314610099264,1414.9362697246313,3118.481070980568,302.5115826868709
2023-12-22 00:42:37,SWA3201_KBWItoKDTW,41.32917,-82.35556,24600.0,365.0,-1864.0,13.0,83320.66004772921,-97736.91671409628,7498.08,0.11142493768396819,204.4678126073854,352.10280308133946,137.05267335128087,0.0033427481305190456,0.13370992522076183,0.48152243754133706,3.130302760264805,0.3163603853459111,646118.2878393375,251495.4095070841,6.134034378221563,245.36137512886253,1421.1960614126688,3159.1750068640104,306.6242676963677
2023-12-22 00:42:48,SWA3201_KBWItoKDTW,41.34472,-82.37306,24100.0,404.0,-1697.0,11.0,81839.80161732712,-96024.75716672065,7345.68,0.19222161106514213,206.58225032910198,607.4202909658492,236.43258161012483,0.005766648331954264,0.23066593327817053,0.929157519136852,4.936056504681533,0.49727222921208203,652799.9110399619,254096.1679047955,6.19746750987306,247.8987003949224,1431.4167941231742,3213.4716284155074,312.09426221770065
2023-12-22 00:42:54,SWA3201_KBWItoKDTW,41.35264,-82.38194,23900.0,376.0,-2000.0,6.0,81088.60036225508,-95152.56414993417,7284.72,0.11461875218797819,207.26996284222986,362.1952569140111,140.9810651912132,0.0034385625656393457,0.13754250262557383,0.49782284084096506,3.1853925733164483,0.32192797283517294,654973.0825814459,254942.05429594277,6.218098885266896,248.72395541067584,1434.40373116822,3232.583983855406,314.02583005471166
2023-12-22 00:43:00,SWA3201_KBWItoKDTW,41.36056,-82.39083,23700.0,376.0,-2103.0,6.0,80336.74404370374,-94280.30255635902,7223.76,0.1061568691793028,207.90690405730567,335.45570660659683,130.57294909054244,0.003184706075379084,0.12738824301516335,0.46180729238864154,2.940145577435917,0.2971423721876724,656985.8168210855,255725.491990486,6.2372071217191705,249.4882848687668,1437.1745749225518,3250.224857320022,315.8086842878377
2023-12-22 00:43:12,SWA3201_KBWItoKDTW,41.37639,-82.40833,23300.0,374.0,-2061.0,12.0,78856.94514581987,-92536.39943702752,7101.84,0.10921248382592072,209.21745386321672,345.11144888990947,134.3313551058825,0.0032763745147776214,0.13105498059110485,0.4766634690820027,3.0035271442162443,0.3035479560644076,661127.1542077644,257337.4682517566,6.276523615896502,251.06094463586007,1442.8945365515358,3286.2671830506165,319.4512597606106
2023-12-22 00:43:25,SWA3201_KBWItoKDTW,41.39306,-82.42694,22800.0,365.0,-2061.0,13.0,77284.25710776822,-90699.79463200932,6949.4400000000005,0.1008322917081028,210.52827365542205,318.63004179760486,124.02371880096645,0.003024968751243084,0.12099875004972335,0.4420370792450227,2.746902000788824,0.2776124362499343,665269.3447511332,258949.77659616916,6.315848209662662,252.63392838650648,1448.641018581721,3321.976909060871,323.0602214318597
2023-12-22 00:43:36,SWA3201_KBWItoKDTW,41.40778,-82.44333,22400.0,380.0,-2061.0,11.0,75899.78723205521,-89077.707132744,6827.52,0.12178060551104514,211.86786031604356,384.82671341490266,149.79014477858553,0.003653418165331354,0.14613672661325416,0.5351015341609929,3.3005594233724698,0.3335671757663666,669502.4385986972,260597.4681887336,6.356035809481307,254.24143237925227,1454.527135457492,3358.2830627179683,326.72946036528975
2023-12-22 00:43:49,SWA3201_KBWItoKDTW,41.42417,-82.46167,22000.0,359.0,-2061.0,13.0,74351.42473768504,-87271.3585724346,6705.6,0.09730339220237941,213.1328044146745,307.47871935951895,119.68317240892667,0.002919101766071382,0.11676407064285528,0.4293569129798104,2.613500780866004,0.26413039806624505,673499.6619503709,262153.34943004965,6.393984132440235,255.7593652976094,1460.1087753262295,3392.2585728692266,330.16315554015097
2023-12-22 00:44:01,SWA3201_KBWItoKDTW,41.44,-82.47917,21600.0,374.0,-2061.0,12.0,72874.48093085496,-85526.23131593148,6583.68,0.11751899717353577,214.54303238075693,371.360031068373,144.548366523449,0.003525569915206073,0.1410227966082429,0.5197340823756946,3.1403121885702348,0.31737197650443866,677955.9823231914,263887.92982833105,6.436290971422708,257.45163885690835,1466.3455843147378,3429.9423191320693,333.9716192582042
2023-12-22 00:44:13,SWA3201_KBWItoKDTW,41.45472,-82.49556,21200.0,348.0,-2000.0,12.0,71491.97753021748,-83903.29906572512,6461.76,0.09355537292510331,215.66569685585816,295.6349784433265,115.07310869787707,0.0028066611877530993,0.11226644751012398,0.41557368938062106,2.476514922673488,0.25028608261061847,681503.6020645113,265268.8071327056,6.469970905675745,258.7988362270298,1471.3324685873054,3459.6604982041513,336.97505224953164
2023-12-22 00:44:25,SWA3201_KBWItoKDTW,41.47056,-82.51333,20700.0,376.0,-2000.0,12.0,69993.89763771958,-82156.69559237875,6309.360000000001,0.1321759705952426,217.25180850300106,417.6760670809666,162.5764438321484,0.003965279117857278,0.15861116471429113,0.5884700651742567,3.4798952964355583,0.3516915459163596,686515.7148694829,267219.7244586914,6.517554255090032,260.7021702036013,1478.3941093693963,3501.419241761378,341.19535080052793
2023-12-22 00:44:37,SWA3201_KBWItoKDTW,41.48472,-82.52917,20300.0,336.0,-2167.0,12.0,68659.08862689369,-80595.0381895925,6187.4400000000005,0.08324762439487096,218.25077999573952,263.06249308779223,102.39457800569129,0.0024974287318461287,0.09989714927384515,0.3724932474512351,2.1682912807345613,0.2191358209253014,689672.4647865364,268448.4593947597,6.547523399872186,261.90093599488745,1482.864028338811,3527.4387371301927,343.82498065163156
2023-12-22 00:44:49,SWA3201_KBWItoKDTW,41.49972,-82.54556,19900.0,352.0,-2333.0,12.0,67278.1730550891,-78940.16447900585,6065.52,0.08322557140599307,219.24948685261143,262.9928056429381,102.36745282937147,0.0024967671421797922,0.09987068568719168,0.3731920559610941,2.156786940483578,0.21797314824036162,692828.3784542517,269676.86882871215,6.577484605578343,263.09938422313377,1487.3423330103442,3553.3201804159958,346.4406584305159
2023-12-22 00:45:01,SWA3201_KBWItoKDTW,41.51444,-82.56222,19300.0,351.0,-2500.0,12.0,65875.69353484477,-77316.36764817979,5882.64,0.08363610887147392,220.2531201590691,264.2901040338576,102.87241391191293,0.0025090832661442174,0.1003633306457687,0.3766791750515577,2.145836403298204,0.2168664450141802,695999.859702658,270911.3377956551,6.607593604772074,264.303744190883,1491.8624831109628,3579.0702172555743,349.04305577068607
2023-12-22 00:45:13,SWA3201_KBWItoKDTW,41.52944,-82.57861,18800.0,352.0,-2500.0,12.0,64496.0371101104,-75660.96048365594,5730.240000000001,0.0839540987678347,221.26056934428314,265.29495210635764,103.26354148443669,0.002518622963035041,0.10074491852140165,0.37943615352145554,2.136569502509544,0.21592989653021982,699183.3991279344,272150.50029346836,6.637817080328494,265.5126832131398,1496.4157169532202,3604.709051285689,351.6342145290487
2023-12-22 00:45:25,SWA3201_KBWItoKDTW,41.54361,-82.59444,18200.0,336.0,-2667.0,12.0,63164.42957106799,-74097.16559984542,5547.360000000001,0.0846658727522857,222.27655981731056,267.5441578972228,104.1390234853114,0.0025399761825685707,0.10159904730274283,0.38455451544165337,2.130308514128655,0.21529713706619386,702393.929022701,273400.1685752921,6.668296794519317,266.7318717807727,1501.03037113852,3630.2727534552328,354.217780173843
2023-12-22 00:45:37,SWA3201_KBWItoKDTW,41.55917,-82.61194,18000.0,369.0,-2500.0,12.0,61693.11298323373,-72379.77140929169,5486.400000000001,0.09140277613751759,223.37339313096078,288.8327725945556,112.42541464914663,0.0027420832841255276,0.1096833313650211,0.41504346689527083,2.2998522171844127,0.23243187301331827,705859.9222938357,274749.2735510819,6.701201793928823,268.0480717571529,1506.0108927412632,3657.8709800614456,357.0069626500028
2023-12-22 00:45:49,SWA3201_KBWItoKDTW,41.57278,-82.62722,17500.0,323.0,-2667.0,12.0,60408.99225019546,-70877.33751503368,5334.0,0.08543517507184867,224.39861523182296,269.9751532270418,105.08526533837386,0.00256305525215546,0.1025222100862184,0.39013477003794095,2.1227575382038055,0.21453400652059737,709099.6241325602,276010.29673514236,6.731958456954689,269.2783382781875,1510.6925099817186,3683.3440705198914,359.58137072824996
2023-12-22 00:46:01,SWA3201_KBWItoKDTW,41.5875,-82.64361,17000.0,348.0,-2667.0,12.0,59032.06975742661,-69252.01636694097,5181.6,0.0852940280132013,225.42214356798138,269.5291285217161,104.9116544562376,0.0025588208403960386,0.10235283361584155,0.3903273733616297,2.107096842786691,0.2129512766646124,712333.9736748209,277269.2365886172,6.762664307039441,270.5065722815776,1515.376438462058,3708.629232633332,362.1367860482253
2023-12-22 00:46:13,SWA3201_KBWItoKDTW,41.60222,-82.66,16400.0,348.0,-2756.0,12.0,57655.76667421814,-67626.4312618357,4998.72,0.08573613990420567,226.45097724683185,270.92620209728994,105.45545208217298,0.00257208419712617,0.1028833678850468,0.3938822150982313,2.0976070014480324,0.2119921969548543,715585.0880999883,278534.7020136033,6.793529317404955,271.74117269619813,1520.1030250432368,3733.8005166507082,364.68069241168354
2023-12-22 00:46:25,SWA3201_KBWItoKDTW,41.61639,-82.67611,15800.0,338.0,-2832.0,12.0,56303.84134417876,-66061.55420658806,4815.84,0.08639228931029339,227.48768471855539,272.99963422052707,106.26251585166086,0.0025917686793088014,0.10367074717235206,0.3985925769434885,2.091397972668136,0.21136468872709888,718861.0837106346,279809.8522038232,6.824630541556661,272.9852216622664,1524.8861359665586,3758.8972923227257,367.2170686764087
2023-12-22 00:46:38,SWA3201_KBWItoKDTW,41.63167,-82.69333,15200.0,335.0,-2832.0,13.0,54859.30089575039,-64373.71038824258,4632.96,0.08692148518939345,228.6176640260175,274.6718931984833,106.91342678295395,0.0026076445556818036,0.10430578222727215,0.4025655934527332,2.0835473441232053,0.21057127414011115,722431.8183222149,281199.7267520016,6.858529920780525,274.34119683122094,1530.1194886814442,3785.9834077963274,369.95449524023013
2023-12-22 00:46:49,SWA3201_KBWItoKDTW,41.645,-82.70833,14700.0,345.0,-2666.0,11.0,53601.524900957505,-62901.013781767986,4480.56,0.08709962947804457,229.575759950276,275.23482915062084,107.13254425799482,0.0026129888843413373,0.10451955537365348,0.4044002905383818,2.07320701071738,0.20952624044484158,725459.4014428717,282378.18473883957,6.887272798508279,275.4909119403311,1534.5678918773665,3808.7886849142187,372.2592838851234
2023-12-22 00:46:58,SWA3201_KBWItoKDTW,41.65611,-82.72111,14400.0,355.0,-2409.0,9.0,52530.50773005576,-61673.58461975504,4389.12,0.09585113891187247,230.43842020048285,302.889598961517,117.89690086160314,0.002875534167356174,0.11502136669424695,0.4455937344561119,2.2728580702801837,0.2297037411453377,728185.4078335253,283439.256846594,6.913152606014485,276.52610424057934,1538.5782354874716,3829.24440754674,374.3266175554314
2023-12-22 00:47:10,SWA3201_KBWItoKDTW,41.67,-82.73639,13900.0,327.0,-2167.0,12.0,51249.974600662725,-60138.37889675884,4236.72,0.08814483661983723,231.4961582399209,278.5376837186856,108.41814904239979,0.0026443450985951166,0.10577380394380467,0.41146294335511957,2.0682500143746685,0.20902526741020586,731527.8600381495,284740.2746351028,6.9448847471976265,277.795389887905,1543.515790807733,3854.0634077192362,376.8349207643539
2023-12-22 00:47:22,SWA3201_KBWItoKDTW,41.68389,-82.75222,13500.0,331.0,-2167.0,12.0,49924.31424923557,-58603.26535860153,4114.8,0.08837773375826326,232.55669104502007,279.2736386761119,108.70461252266381,0.0026513320127478975,0.1060532805099159,0.41337805466907335,2.0614254969390857,0.2083355555417161,734879.1437022629,286044.7299853747,6.9767007313506015,279.068029254024,1548.476327463762,3878.8005136825054,379.3349474308545
2023-12-22 00:47:34,SWA3201_KBWItoKDTW,41.69778,-82.7675,13100.0,326.0,-2167.0,12.0,48644.88319303325,-57067.593644276174,3992.88,0.08882951815629062,233.62264526289556,280.7012773738783,109.26030733223746,0.0026648855446887183,0.10659542178754873,0.4164649710585462,2.058067362922043,0.20799616965701495,738247.5590307495,287355.8536733616,7.008679357886866,280.3471743154746,1553.4739071164645,3903.49732203757,381.8309014667387
2023-12-22 00:47:46,SWA3201_KBWItoKDTW,41.71222,-82.78361,12600.0,341.0,-2500.0,12.0,47296.69699429276,-55470.99608482898,3840.48,0.08888695535312204,234.68928872713303,280.88277891586563,109.3309550843401,0.002666608660593661,0.10666434642374643,0.41751531542245385,2.0461079621596054,0.20678750681400263,741618.1523777399,288667.8251343737,7.04067866181399,281.62714647255956,1558.484090901534,3928.0506175834853,384.31235154850674
2023-12-22 00:47:52,SWA3201_KBWItoKDTW,41.71903,-82.79125,12400.0,322.0,-2000.0,6.0,46657.57082994877,-54717.96499854801,3779.52,0.09359990374660555,235.25088814961268,295.77569583927357,115.12788160832483,0.0028079971123981663,0.11231988449592666,0.4404616350849126,2.144228151119061,0.21670390888969232,743392.8065527756,289358.5924240236,7.057526644488379,282.3010657795351,1561.1268607120435,3940.9159864901994,385.6125750018449
2023-12-22 00:47:58,SWA3201_KBWItoKDTW,41.72583,-82.79889,12200.0,322.0,-1667.0,6.0,46018.58587150276,-53965.98869818534,3718.5600000000004,0.1293157449789147,236.02678261948617,408.6377541333705,159.0583663240651,0.0038794723493674414,0.15517889397469764,0.609122380548956,2.9532032193027127,0.298462027482721,745844.6330775758,290312.942621968,7.080803478584584,283.23213914338334,1564.7815949953372,3958.6352058060156,387.40334716674124
2023-12-22 00:48:10,SWA3201_KBWItoKDTW,41.73917,-82.81417,12000.0,319.0,-1000.0,12.0,44741.1992823199,-52490.77502701176,3657.6000000000004,0.22591278942630838,238.73773609260186,713.8844145871345,277.8727309943593,0.006777383682789251,0.27109534731157003,1.1861375448852425,4.730614228039906,0.4766187775999139,754411.2460526214,293647.4153939003,7.162132082778055,286.4852833111222,1579.01524553396,4015.4025765424944,393.1227724979402
2023-12-22 00:48:10,SWA3201_KBWItoKDTW,41.739315507408264,-82.81433373676849,12000.0,318.9672526463018,-992.7191716944322,12.0,44727.51495577545,-52474.68000247371,3657.6000000000004,0.22708921896929135,241.46280672023337,717.6019319429606,279.3197393322284,0.00681267656907874,0.2725070627631496,1.1965773534766448,4.7407361091957485,0.4775820423086407,763022.4692359369,296999.25226588704,7.243884201607,289.75536806428,1593.3741737756798,4072.2914098528436,398.8537570056439
