acId,entry_lat,entry_lon,entry_alt,entry_rectime,exit_lat,exit_lon,exit_alt,exit_rectime
AAL1339_KDFWtoKDTW,40.52306,-85.64,29900.0,2023-12-22 18:12:44,41.737257777814925,-84.17212215648293,16935.247071787613,2023-12-22 18:26:28
AAL1358_KCLTtoKDTW,39.48377856415442,-82.11487060432266,33000.0,2023-12-22 18:09:12,41.67325559197591,-82.944942940868,19135.938114592245,2023-12-22 18:29:29
AAL1436_KPHLtoKDTW,40.69483764131082,-80.76981537164139,30000.0,2023-12-22 14:50:17,41.749115084231576,-82.79697364686736,18920.699628564424,2023-12-22 15:07:23
AAL1456_KORDtoKDTW,43.23347835088876,-86.17061474174,25000.0,2023-12-22 16:56:31,42.687789249788565,-83.95891159967003,12300.30294067362,2023-12-22 17:13:16
AAL1728_KPHXtoKDTW,40.54183617077397,-85.84486435379898,33000.0,2023-12-22 15:13:16,41.737329994010146,-84.1736660079464,16940.00012435676,2023-12-22 15:28:14
AAL1734_KDFWtoKDTW,40.48917,-85.68139,29000.0,2023-12-22 14:19:32,41.737264467658484,-84.17226090906966,17142.816473270617,2023-12-22 14:34:26
AAL419_KCLTtoKDTW,39.6369957589119,-81.82224888730305,34000.0,2023-12-22 01:08:57,41.675002867789104,-82.97536651326702,11000.0,2023-12-22 01:30:25
ABX1488_KRFDtoKDTW,42.09997516767139,-86.34785041384998,29000.0,2023-12-22 05:00:48,42.08717820404132,-84.24145805195225,13443.294673286073,2023-12-22 05:12:44
AFR378_LFPGtoKDTW,43.080485356324296,-80.48185539415572,30114.73089865459,2023-12-22 17:58:33,42.49219002081915,-82.77020716120694,9109.747085963247,2023-12-22 18:16:47
DAL1040_KAUStoKDTW,40.5125,-85.74889,29000.0,2023-12-22 08:26:32,41.73732812348565,-84.17362752473893,17000.0,2023-12-22 08:40:54
DAL1066_KTPAtoKDTW,39.47195669419985,-82.13982072706742,34843.47016433779,2023-12-22 07:56:33,41.67314811882579,-82.94307696365256,19820.938696414836,2023-12-22 08:16:13
DAL1120_KMSNtoKDTW,43.267220235519794,-86.15853088074897,27000.0,2023-12-22 08:10:01,42.688675921391216,-83.95752704065337,12979.648828962076,2023-12-22 08:25:13
DAL1208_KORDtoKDTW,43.09239653435184,-86.22098350157782,23000.0,2023-12-22 11:58:55,42.688516223120274,-83.9577764423371,12987.765077586582,2023-12-22 12:13:41
DAL1225_KTVCtoKDTW,44.47611,-85.20944,12800.0,2023-12-22 06:08:13,42.91456900424636,-83.60268144450855,19947.47510615898,2023-12-22 06:24:42
DAL1240_KATLtoKDTW,39.408821847175155,-82.29519278464454,33000.0,2023-12-22 09:58:38,41.673118596525086,-82.94256476364883,19246.684949749582,2023-12-22 10:19:15
DAL1296_KDENtoKDTW,42.50731322223179,-86.33884182906013,35000.0,2023-12-22 04:41:13,42.29287729402588,-84.14565674476155,13737.491761035171,2023-12-22 04:54:13
DAL1312_KIAHtoKDTW,40.49639,-85.71833,29200.0,2023-12-22 14:24:21,41.737281538099545,-84.1726247564583,17054.53868214236,2023-12-22 14:38:54
DAL1321_KMCOtoKDTW,39.47186692549864,-82.14000999771017,31000.0,2023-12-22 07:46:12,41.673073038603455,-82.94176875075127,18205.602101163695,2023-12-22 08:06:46
DAL133_EHAMtoKDTW,42.96667,-80.795,26700.0,2023-12-22 12:36:15,42.48563572786084,-82.75623952146518,7097.157211550972,2023-12-22 12:51:49
DAL1340_KPHXtoKDTW,42.04399395455645,-86.34509887936117,29545.984066345718,2023-12-22 10:57:57,41.9675,-84.29689863645545,17000.0,2023-12-22 11:10:13
DAL135_EHAMtoKDTW,43.08023501885609,-80.48179275878633,30600.754166188017,2023-12-22 15:34:36,42.493841590295304,-82.77372784836679,8672.029935428129,2023-12-22 15:53:39
DAL137_EHAMtoKDTW,42.98361,-80.58861,29200.0,2023-12-22 17:23:16,42.49508063619412,-82.77636937034801,7076.8161304982,2023-12-22 17:41:45
DAL1411_KLGAtoKDTW,42.51440560226964,-80.36900629487762,33625.01653117114,2023-12-22 11:09:39,42.4168560256902,-82.61005514866164,9759.530453110716,2023-12-22 11:25:08
DAL1420_KPHXtoKDTW,42.044216032458486,-86.3451097215448,27409.124876052483,2023-12-22 22:03:40,41.96785962018086,-84.29673223822294,16956.672267366157,2023-12-22 22:16:45
DAL1433_KMCOtoKDTW,39.47200808832612,-82.1397123279792,31650.977276669342,2023-12-22 10:37:32,41.673250720285466,-82.94485888036294,17824.375815755113,2023-12-22 10:57:43
DAL1435_KDCAtoKDTW,40.67235037169452,-80.78329830255859,32208.840088590143,2023-12-22 06:56:45,41.74740443766483,-82.79890840136494,13657.485931642863,2023-12-22 07:14:24
DAL1445_KPHXtoKDTW,41.87180481222802,-86.33200477447754,35000.0,2023-12-22 04:56:53,42.09451015090392,-84.23805468107918,11100.0,2023-12-22 05:10:11
DAL1456_KMSPtoKDTW,43.233901700687525,-86.17046327956935,33000.0,2023-12-22 21:59:11,42.688514091952634,-83.9577795810935,11009.98722856437,2023-12-22 22:14:20
DAL1484_KSYRtoKDTW,42.7282196987536,-80.40069500358332,30052.975753445062,2023-12-22 06:37:22,42.481069654703234,-82.74651222381073,16897.80014739528,2023-12-22 06:53:19
DAL1502_KATLtoKDTW,39.32131356227871,-82.56420521611844,35000.0,2023-12-22 22:56:33,41.67328032914861,-82.9453725298065,19641.323835666142,2023-12-22 23:17:17
DAL1523_KATLtoKDTW,39.47196530123279,-82.13980259697075,33000.0,2023-12-22 13:31:54,41.673106734735924,-82.94235815635074,19679.37538545646,2023-12-22 13:51:26
DAL1608_KLGAtoKDTW,42.51425024569307,-80.36898337590124,31380.663688417008,2023-12-22 21:49:42,42.4155464121209,-82.60957087443006,10039.310224524848,2023-12-22 22:05:06
DAL1646_KATLtoKDTW,39.47205927101589,-82.13960435159959,33000.0,2023-12-22 08:29:54,41.673066892954736,-82.94166328014533,18423.99884599955,2023-12-22 08:50:21
DAL1655_KPHLtoKDTW,40.67244148005905,-80.78324397282847,30000.0,2023-12-22 08:18:06,41.74826015799191,-82.79727615065434,17727.66598878265,2023-12-22 08:35:33
DAL1656_KRSWtoKDTW,39.43465366923276,-82.2227795870667,34628.41437112877,2023-12-22 13:46:44,41.67344403622766,-82.94821809473352,19585.63810532941,2023-12-22 14:06:38
DAL1673_KLGAtoKDTW,42.500316893113045,-80.3675389087731,30000.0,2023-12-22 16:21:45,42.43004092177423,-82.63802369909162,8629.22983873293,2023-12-22 16:38:49
DAL1699_KSATtoKDTW,40.50167,-85.78167,29200.0,2023-12-22 19:24:20,41.737310674582055,-84.17324891684356,17012.257231482206,2023-12-22 19:38:36
DAL1745_KDENtoKDTW,43.002475359103286,-86.24454244636698,34524.356836382736,2023-12-22 10:21:34,42.688368283052384,-83.95800747583571,12128.493375989668,2023-12-22 10:36:50
DAL1748_KBOStoKDTW,42.72862658204464,-80.40075545441255,30000.0,2023-12-22 09:58:53,42.48502137778964,-82.75493047403549,7100.0,2023-12-22 10:16:00
DAL1814_MKJStoKDTW,39.53442701729151,-82.0077444006968,33725.42807371526,2023-12-22 17:59:36,41.74673190386389,-82.80019130713583,19146.631809711012,2023-12-22 18:19:32
DAL1846_MMUNtoKDTW,39.4128779144852,-82.28383496039737,35000.0,2023-12-22 15:15:43,41.673248366497255,-82.94481635758316,19642.472848336667,2023-12-22 15:35:23
DAL1902_MMPRtoKDTW,40.505,-85.65944,29000.0,2023-12-22 18:55:08,41.7372346734358,-84.17162832902703,17530.91653090252,2023-12-22 19:08:52
DAL2063_KTPAtoKDTW,39.420803726041754,-82.26162697454477,33000.0,2023-12-22 09:54:40,41.67310524792741,-82.94233036978898,19875.477896747674,2023-12-22 10:14:44
DAL2095_KLGAtoKDTW,42.50205246442259,-80.36762424009582,31982.697781139683,2023-12-22 14:37:42,42.429656081837486,-82.63720647025855,10076.89704969302,2023-12-22 14:54:32
DAL2140_KSTLtoKDTW,40.51306,-85.68528,29000.0,2023-12-22 08:09:57,41.73725470705136,-84.17205248598316,16974.498756163703,2023-12-22 08:24:22
DAL2151_KPVDtoKDTW,42.727800717725636,-80.4006330173043,30000.0,2023-12-22 06:46:11,42.48134028875907,-82.74708913372278,13951.20385012095,2023-12-22 07:03:26
DAL2183_KDFWtoKDTW,40.49139,-85.68306,31000.0,2023-12-22 08:24:20,41.73730357554231,-84.17309736660187,17011.486152998325,2023-12-22 08:37:47
DAL2207_KSTLtoKDTW,40.51551103948745,-85.82526922855376,29000.0,2023-12-22 19:22:42,41.73726858848278,-84.1723483784945,16986.543687772555,2023-12-22 19:36:07
DAL2222_KBOStoKDTW,42.72839048632175,-80.40072036968238,28000.0,2023-12-22 14:45:34,42.50021326063566,-82.78731423421681,5962.658296436128,2023-12-22 15:04:27
DAL2255_KMSPtoKDTW,43.311937877141204,-86.14249638029663,31000.0,2023-12-22 08:00:02,42.68856032611157,-83.95770741049303,12094.533893705233,2023-12-22 08:14:58
DAL2313_KMSPtoKDTW,43.294074706420055,-86.14890431129369,33000.0,2023-12-22 14:32:31,42.68859047390077,-83.9576604064762,12433.825065763664,2023-12-22 14:47:06
DAL2333_KJAXtoKDTW,39.61536903041827,-81.85829838495057,35678.52387832691,2023-12-22 13:20:28,41.74739753870234,-82.79892150785092,16891.485011743145,2023-12-22 13:39:09
DAL2368_KIAHtoKDTW,40.48861,-85.68722,29900.0,2023-12-22 22:25:07,41.73735227037938,-84.17413934713758,16954.516788139106,2023-12-22 22:38:57
DAL2394_KGRRtoKDTW,42.87833,-85.45139,2600.0,2023-12-22 06:05:51,42.68624819523093,-83.96060895620485,17172.406948514305,2023-12-22 06:18:05
DAL2447_KMEMtoKDTW,40.505,-85.66833,29500.0,2023-12-22 08:33:45,41.73729409039362,-84.17289677776346,17579.044857609242,2023-12-22 08:48:27
DAL2476_KDCAtoKDTW,40.682704778990576,-80.77709150428181,30000.0,2023-12-22 13:15:53,41.74878375659679,-82.7970655528213,17996.369947225707,2023-12-22 13:33:10
DAL2489_KBNAtoKDTW,40.42386318225868,-85.75708858022136,30809.940084466918,2023-12-22 16:08:22,41.73732905901927,-84.17364702540424,16936.79242121379,2023-12-22 16:23:16
DAL2505_KATLtoKDTW,39.47207014201796,-82.13958143060201,35000.0,2023-12-22 17:57:21,41.67313637476355,-82.94287179228786,19127.80506694877,2023-12-22 18:17:26
DAL2604_KCLTtoKDTW,39.63327861898183,-81.82844805346255,34000.0,2023-12-22 06:52:43,41.746964158606794,-82.79974811125842,12898.893257542128,2023-12-22 07:12:33
DAL2737_KBOStoKDTW,42.72859175431176,-80.4007502785051,30098.356244302344,2023-12-22 06:47:53,42.481549541140865,-82.74753451370813,15428.781645634654,2023-12-22 07:04:30
DAL2761_KMCItoKDTW,42.04520638849397,-86.3451582551995,24881.40644198433,2023-12-22 19:58:46,41.96712720409086,-84.29707123519994,17033.141396121664,2023-12-22 20:11:48
DAL2871_KORDtoKDTW,42.9280038324637,-86.26321046360388,23000.0,2023-12-22 20:40:02,42.68855895331929,-83.95770953029687,12260.072862936451,2023-12-22 20:55:45
DAL2882_KCLTtoKDTW,39.623398502245834,-81.84491920341289,30000.0,2023-12-22 18:12:18,41.7487806426616,-82.79706709324954,19772.281366714633,2023-12-22 18:32:37
DAL2935_KMEMtoKDTW,40.51861,-85.65417,29500.0,2023-12-22 19:50:56,41.73729687847077,-84.17295310281884,16998.682233959975,2023-12-22 20:04:36
DAL2936_KEWRtoKDTW,42.51465834007257,-80.36904368079536,31633.6326876871,2023-12-22 14:07:40,42.54207991111406,-82.87674007384177,7000.0,2023-12-22 14:27:08
DAL338_KCLEtoKDTW,41.39833,-81.93389,3100.0,2023-12-22 06:06:01,41.74946014146879,-82.79687770733693,13976.95327707006,2023-12-22 06:14:49
DAL343_KCVGtoKDTW,39.99389,-84.58083,23000.0,2023-12-22 06:10:05,41.73619529024404,-84.14944574977339,11342.099903157228,2023-12-22 06:26:52
DAL361_KSFOtoKDTW,43.23259262464273,-86.17093165012358,33000.0,2023-12-22 18:57:41,42.68866998996909,-83.95753638009195,12689.670890567599,2023-12-22 19:12:39
DAL369_KSANtoKDTW,42.0127783381649,-86.34356447526095,27672.523975584987,2023-12-22 22:02:01,41.96723668771273,-84.29702067232317,19000.0,2023-12-22 22:14:04
DAL405_KSANtoKDTW,42.0441758554957,-86.34510770411295,33000.0,2023-12-22 13:21:39,41.96719486574642,-84.29703977876828,17000.0,2023-12-22 13:34:06
DAL444_KSEAtoKDTW,43.39059666150893,-86.1108835941761,33000.0,2023-12-22 22:14:44,42.68859296925324,-83.95765648925938,12839.177345241133,2023-12-22 22:29:05
DAL470_KLAStoKDTW,41.99489199036894,-86.34269168282908,27238.57486823676,2023-12-22 16:41:16,41.96763002250442,-84.2968382881869,18926.122071275488,2023-12-22 16:53:33
DAL472_KLAStoKDTW,41.994108928704314,-86.34265335310893,27543.622354059535,2023-12-22 12:05:33,41.9675,-84.29689872121683,17100.0,2023-12-22 12:18:51
DAL481_KSTLtoKDTW,40.49611,-85.73056,31400.0,2023-12-22 12:22:44,41.73728029623688,-84.17260537192158,20939.98667303029,2023-12-22 12:37:07
DAL494_KLAXtoKDTW,42.0441530289793,-86.34510601613685,31000.0,2023-12-22 14:14:02,41.96756529284746,-84.29686836196451,16938.34056295264,2023-12-22 14:26:23
DAL498_KRSWtoKDTW,39.47196501722472,-82.13980316618306,34406.85139245936,2023-12-22 08:00:55,41.67314933158463,-82.94309575544592,20227.116630094097,2023-12-22 08:20:32
DAL640_KBNAtoKDTW,40.36649226258391,-85.71450803175537,33000.0,2023-12-22 12:18:49,41.737277756811544,-84.17254646280789,20950.226322612325,2023-12-22 12:33:58
DAL661_KRSWtoKDTW,39.471928932690965,-82.13987919833268,36370.00531283437,2023-12-22 22:06:59,41.67314416622272,-82.94300469892923,19223.733219364043,2023-12-22 22:26:56
DAL776_KSNAtoKDTW,42.01753191517679,-86.34380030838875,33000.0,2023-12-22 19:31:05,41.96844434719137,-84.29646164209504,16980.66280801716,2023-12-22 19:43:38
DAL802_KLAXtoKDTW,42.0440283617466,-86.34510052157984,33000.0,2023-12-22 19:22:16,41.96794042456989,-84.29669509284278,16985.54733604605,2023-12-22 19:34:30
DAL8770_KATLtoKDTW,39.35379799148298,-82.44882117350564,38739.13182022658,2023-12-22 20:43:04,41.67308235779084,-82.94193221982884,18152.53005096603,2023-12-22 21:02:08
DAL87_EDDFtoKDTW,43.08032722672895,-80.48181640487574,29842.935951242613,2023-12-22 14:57:31,42.49364432276169,-82.77330690361215,7103.520283250381,2023-12-22 15:17:20
DAL8846_KIADtoKDTW,40.6947496150193,-80.76986752805503,30000.0,2023-12-22 17:08:33,41.75002622019732,-82.79672083079122,20000.736737846004,2023-12-22 17:23:42
DAL894_KRSWtoKDTW,39.43976528984049,-82.20842824084542,36000.0,2023-12-22 17:07:41,41.67328346498601,-82.94542709055555,19810.861975041877,2023-12-22 17:26:30
DAL8952_KPHLtoKDTW,40.86920257296341,-80.6742174694934,36000.0,2023-12-21 23:49:11,41.75044144166561,-82.79660456031155,13239.035322402966,2023-12-22 00:05:21
DAL906_KSLCtoKDTW,43.23277769933761,-86.17086549006416,33000.0,2023-12-22 20:11:09,42.688588887299744,-83.9576629732313,11940.915317611598,2023-12-22 20:25:37
DAL962_KSANtoKDTW,41.893129528334505,-86.33518040251012,34947.761911876754,2023-12-22 05:08:06,42.085145901311684,-84.24240192145625,12649.592657283381,2023-12-22 05:21:12
DAL97_LFPGtoKDTW,43.0803207356399,-80.48181461424942,28423.553857505813,2023-12-22 13:28:44,42.504347768635604,-82.7961332038846,7000.0,2023-12-22 13:48:06
EDV4860_KROCtoKDTW,42.728856785138944,-80.40078967584084,26000.0,2023-12-22 13:16:41,42.50525632689118,-82.79807175793593,7000.0,2023-12-22 13:34:09
EDV4867_CYYZtoKDTW,42.95290215287274,-80.4498223247169,20000.0,2023-12-22 06:46:10,42.41220526860436,-82.61052048491563,17683.832247234855,2023-12-22 07:02:29
EDV4868_KSYRtoKDTW,42.72772371204682,-80.40062123711829,30000.0,2023-12-22 13:49:53,42.49515889696793,-82.77653602275991,7357.3451462667535,2023-12-22 14:07:45
EDV4895_KSYRtoKDTW,42.728090982247146,-80.40067582986097,30000.0,2023-12-22 18:07:40,42.5017562559407,-82.79060518601973,7000.0,2023-12-22 18:25:52
EDV4959_KLEXtoKDTW,40.01278,-84.53944,23000.0,2023-12-22 18:27:19,41.73713515617103,-84.16949443985857,19596.70715121994,2023-12-22 18:42:48
EDV5018_CYULtoKDTW,43.08041453187901,-80.48183794799729,28497.073885018362,2023-12-22 08:12:47,42.49447053618153,-82.77506863507772,7201.96174386065,2023-12-22 08:31:47
EDV5024_KSDFtoKDTW,39.98167,-84.89306,26700.0,2023-12-22 08:30:19,41.737065440792115,-84.16801037614267,20363.53873835511,2023-12-22 08:45:28
EDV5037_CYULtoKDTW,43.08009171556955,-80.48175785206433,27454.864849073318,2023-12-22 14:04:06,42.48511275544129,-82.75512502464548,7165.789208963734,2023-12-22 14:22:33
EDV5043_KOMAtoKDTW,43.24013978792364,-86.16823008432762,33000.0,2023-12-22 08:13:48,42.68896410701309,-83.95707708968615,13245.659653461229,2023-12-22 08:28:26
EDV5122_KTYStoKDTW,39.47299397976529,-82.13763238466804,31000.0,2023-12-22 12:44:56,41.673139979879295,-82.94293515324418,19119.457109046813,2023-12-22 13:04:24
EDV5253_KORFtoKDTW,39.72775887326741,-81.6737038473906,32000.0,2023-12-22 13:50:07,41.74697846237821,-82.79972108655475,18631.459124387744,2023-12-22 14:08:35
EDV5282_KMSNtoKDTW,43.294970114986896,-86.14858226440323,25000.0,2023-12-22 19:24:31,42.68843066958935,-83.95790982249771,12161.064299969436,2023-12-22 19:39:46
EDV5307_KAZOtoKDTW,42.20306,-85.53722,2700.0,2023-12-22 06:22:37,41.96802539401035,-84.2966557601119,11100.0,2023-12-22 06:33:58
EDV5355_KATWtoKDTW,43.61209022217623,-86.00609887604638,25000.0,2023-12-22 08:26:31,42.688454500468644,-83.95787281398574,12260.580018745723,2023-12-22 08:41:37
EDV5455_KGRBtoKDTW,43.61426973431964,-86.00506369438156,25000.0,2023-12-22 08:21:21,42.68877129380291,-83.95737814006841,11231.545751933148,2023-12-22 08:36:02
EDV5462_KJFKtoKDTW,42.51528640319841,-80.3691364074183,31897.68559093646,2023-12-22 08:41:40,42.416734123822025,-82.60979691129188,9449.929905761843,2023-12-22 08:57:53
EDV5497_KBHMtoKDTW,40.48611,-85.60306,27000.0,2023-12-22 12:42:33,41.737254758389625,-84.172056423827,20737.774189832857,2023-12-22 12:57:11
EDV5498_KIADtoKDTW,40.67310261772449,-80.78284743956621,30000.0,2023-12-22 18:08:33,41.74966445975105,-82.7968208341787,18539.637218582215,2023-12-22 18:27:07
EDV5522_KMSNtoKDTW,43.22180159193222,-86.17479336238881,29000.0,2023-12-22 12:27:20,42.68894178669337,-83.95711183448128,12902.332733935633,2023-12-22 12:42:23
FDX1418_KMEMtoKDTW,40.39472,-85.56056,35000.0,2023-12-22 05:46:32,41.73744229883414,-84.17606751797372,11383.8002875796,2023-12-22 06:00:55
FDX505_KMEMtoKDTW,40.4975,-85.67639,32900.0,2023-12-22 17:26:08,41.737193218314175,-84.17074992201445,16898.780758782475,2023-12-22 17:40:14
FFT2529_KMCOtoKDTW,39.45813553631476,-82.1689642014037,35000.0,2023-12-22 17:08:43,41.67306274027458,-82.94159452957142,18170.526251870044,2023-12-22 17:29:27
FFT3987_KMCOtoKDTW,39.47175240790911,-82.14025171480814,38615.59306899031,2023-12-21 23:32:31,41.67304312439956,-82.94125214760435,13821.498462618893,2023-12-21 23:53:05
FFT4886_KPHXtoKDTW,40.66556279062902,-85.91943392407536,37000.0,2023-12-22 04:46:32,41.73030511242894,-84.02543165452566,11294.94295776604,2023-12-22 05:01:19
GJS4400_KORDtoKDTW,42.99898987624492,-86.24541713780957,23000.0,2023-12-22 10:01:57,42.689265636674,-83.95660611094019,12244.696751843981,2023-12-22 10:16:31
GJW29LO_CYYZtoKDTW,42.95225280593826,-80.44966189445813,26000.0,2023-12-22 22:26:25,42.50333270759394,-82.7939682288774,7784.712542432931,2023-12-22 22:46:00
JBU1237_KBOStoKDTW,42.728643301578266,-80.40075795334256,32252.54969173528,2023-12-22 22:26:10,42.48515035853145,-82.75520516715837,7086.473998727126,2023-12-22 22:43:28
JIA5446_KDCAtoKDTW,40.69650863073345,-80.76881259892107,18000.0,2023-12-22 23:13:56,41.7515508937862,-82.79629640597395,18000.0,2023-12-22 23:31:06
JZA771_CYYZtoKDTW,43.02658333071338,-80.46830823156361,22000.0,2023-12-22 11:50:32,42.484760282939256,-82.75437417044998,7858.328745772147,2023-12-22 12:09:16
JZA775_CYYZtoKDTW,43.0607490808099,-80.47689299741971,22000.0,2023-12-22 15:25:11,42.503139068359054,-82.7935549303494,7288.16003444138,2023-12-22 15:44:16
JZA777_CYYZtoKDTW,43.04251229690874,-80.4723095530717,22000.0,2023-12-22 21:52:37,42.484697654322474,-82.75424045934355,7899.194750359435,2023-12-22 22:12:31
LN985CL_KALBtoKDTW,42.614828747520555,-80.38386582210703,36000.0,2023-12-22 01:41:59,42.29079582842809,-82.64496334546357,9730.949705685296,2023-12-22 01:58:31
N706NC_KPLNtoKDTW,44.99942652085821,-84.45890211131832,11100.0,2023-12-22 14:28:09,42.76975422835086,-83.36778226780945,4000.0,2023-12-22 15:12:23
NKS1342_KMSPtoKDTW,43.32650163629873,-86.13726900471796,31000.0,2023-12-22 12:48:42,42.687982563510765,-83.9586097159058,11997.331218875217,2023-12-22 13:02:59
NKS1449_KFLLtoKDTW,39.61125077584645,-81.8651578969334,34771.951361293046,2023-12-22 08:14:51,41.74710373191564,-82.79948234326075,19742.226134853743,2023-12-22 08:33:49
NKS1615_KMCOtoKDTW,39.44368474347494,-82.19940587271505,36984.0825456992,2023-12-22 06:55:16,41.673056740866365,-82.94148680426896,12650.861285312842,2023-12-22 07:16:07
NKS1677_KLGAtoKDTW,42.51440867084101,-80.36900690435426,30913.210603268748,2023-12-22 10:59:58,42.416078090853475,-82.60941969784542,9071.90007688964,2023-12-22 11:16:15
NKS173_KLGAtoKDTW,42.514331594037344,-80.36899542944825,32926.12191871304,2023-12-22 18:50:15,42.42113890027161,-82.61913721579283,9661.369272554777,2023-12-22 19:07:09
NKS3347_KLAStoKDTW,42.0439677176828,-86.3450974371217,33000.0,2023-12-22 19:50:03,41.96696245937981,-84.29714746932127,17002.673735691027,2023-12-22 20:02:03
NKS3381_KLGAtoKDTW,42.51441205444099,-80.36900724312108,30810.162021458946,2023-12-22 16:32:39,42.42632394126406,-82.63013633567303,8151.5521118205515,2023-12-22 16:49:47
NKS370_KRSWtoKDTW,39.47175308494507,-82.14025001051786,35501.6614671549,2023-12-22 18:07:25,41.67318468395689,-82.94370884917052,19980.863121201615,2023-12-22 18:26:23
NKS3805_KPHLtoKDTW,40.67249339037035,-80.78321274725057,30000.0,2023-12-22 20:24:09,41.74913321667991,-82.79696924749095,19124.745173732113,2023-12-22 20:39:49
NKS380_KFLLtoKDTW,39.53626370841718,-82.00385253342458,35026.76183958823,2023-12-22 09:34:12,41.74797083714788,-82.79782803040911,15830.821598296194,2023-12-22 09:55:20
NKS3902_KATLtoKDTW,39.39689375178773,-82.32856757995995,34042.42499284907,2023-12-22 15:12:21,41.67313824004185,-82.9429056206678,19789.18344885869,2023-12-22 15:32:40
NKS709_KLAXtoKDTW,42.044236279041314,-86.34511080485642,35000.0,2023-12-22 05:58:26,41.96696512823141,-84.297146240107,12205.982912238931,2023-12-22 06:10:52
NKS734_KLGAtoKDTW,42.514524242286974,-80.36902387826856,30369.913468937037,2023-12-22 22:11:43,42.425150409751865,-82.62764688879972,8677.182485277399,2023-12-22 22:28:36
NKS768_KATLtoKDTW,39.36551787946668,-82.41616891199598,37000.0,2023-12-22 07:07:31,41.67306092319959,-82.94156103269796,13725.249887020076,2023-12-22 07:29:05
RJA267_OJAItoKDTW,43.01981591961384,-80.46660888759705,29673.76889922359,2023-12-22 15:01:53,42.491175333060646,-82.76804438487403,7283.229403388347,2023-12-22 15:20:26
RPA3592_KIADtoKDTW,40.67243725086847,-80.783246241747,30000.0,2023-12-22 09:36:46,41.74963022850776,-82.79683093811357,18281.616278475864,2023-12-22 09:53:17
RPA3611_KIADtoKDTW,40.69475370909346,-80.76986511336376,30000.0,2023-12-22 17:55:57,41.74944976550995,-82.79688067920458,15055.9303685698,2023-12-22 18:14:00
RPA4412_KLGAtoKDTW,42.51437072174892,-80.36900118630447,31225.192091303546,2023-12-22 13:14:03,42.42155708024059,-82.62002438968153,8796.492138257083,2023-12-22 13:31:15
RPA4715_KLGAtoKDTW,42.514458073230294,-80.36901421220203,32995.877145676706,2023-12-22 20:40:44,42.41652229875117,-82.60934789507043,9016.275850139786,2023-12-22 20:57:34
RPA5702_KINDtoKDTW,40.48,-85.75583,21000.0,2023-12-22 18:21:09,41.73723087233732,-84.17154779707819,17659.787106482992,2023-12-22 18:35:55
SCX8621_KMSPtoKDTW,43.335463038667235,-86.13405145303786,31000.0,2023-12-22 12:02:35,42.6885633822076,-83.95770276701042,12248.735706759331,2023-12-22 12:16:37
SKW3631_KMKEtoKDTW,43.0057340050133,-86.24372532459199,25000.0,2023-12-22 08:22:06,42.68902735633717,-83.9569782516508,12352.243355343993,2023-12-22 08:37:41
SKW3702_KMBStoKDTW,43.57889,-84.0075,3000.0,2023-12-22 06:34:03,42.914939061604706,-83.60209690873862,7000.0,2023-12-22 06:43:42
SKW3749_KMKEtoKDTW,42.980072111706384,-86.25016320267274,25000.0,2023-12-22 10:53:07,42.68918884318989,-83.9567261754378,10982.613525037326,2023-12-22 11:08:17
SKW3916_KELMtoKDTW,42.44226274438839,-80.36468058229852,28000.0,2023-12-22 06:58:16,42.41183634838898,-82.61062528766367,17727.876686675405,2023-12-22 07:13:04
SKW3939_KTVCtoKDTW,44.47194,-85.16778,14600.0,2023-12-22 18:20:03,42.914752822298695,-83.60239098332168,11550.620677241086,2023-12-22 18:37:39
SKW3983_KMDWtoKDTW,41.77142718555955,-86.31708958885297,21000.0,2023-12-22 11:01:08,41.96798725045331,-84.29667359610106,17025.981980959343,2023-12-22 11:15:01
SKW4010_KIADtoKDTW,40.67293769914379,-80.78294659688842,28000.0,2023-12-22 07:23:18,41.749666105202074,-82.79682063922179,17877.328841616607,2023-12-22 07:39:54
SKW4151_KCMHtoKDTW,40.005,-82.92861,1900.0,2023-12-22 06:29:24,41.743873406222036,-82.80564328074885,12028.461009016442,2023-12-22 06:48:43
SKW4177_KMBStoKDTW,43.45778,-84.01639,3900.0,2023-12-22 14:19:01,42.914643516322485,-83.60256370884726,7000.0,2023-12-22 14:27:21
SKW4243_KESCtoKDTW,44.475,-85.27833,21000.0,2023-12-22 19:37:26,42.90712715937576,-83.59534394871133,11706.53986576965,2023-12-22 19:54:14
SKW4288_KIMTtoKDTW,44.42189342998673,-85.3777786185346,21000.0,2023-12-22 08:28:36,42.914872415959394,-83.60220180958576,11786.123430058442,2023-12-22 08:46:17
SKW4944_KORDtoKDTW,43.295021850077035,-86.1485640548552,23000.0,2023-12-22 10:50:22,42.68943318013449,-83.95634450570105,12932.928939564947,2023-12-22 11:05:44
SKW5785_KORDtoKDTW,43.14333,-86.20283554065244,25000.0,2023-12-22 22:58:20,42.68878427642445,-83.95735784346417,12268.747465924078,2023-12-22 23:14:24
SWA179_KBWItoKDTW,40.694704547525234,-80.76989494206009,30000.0,2023-12-22 11:25:23,41.7491544651425,-82.79696307307904,16902.643281079785,2023-12-22 11:42:52
SWA3201_KBWItoKDTW,40.67817474259276,-80.77980736821634,34000.0,2023-12-22 00:30:15,41.739315507408264,-82.81433373676849,12000.0,2023-12-22 00:48:10
SWA3255_KDENtoKDTW,43.07999684681137,-86.2250655561133,37000.0,2023-12-22 00:30:01,42.60683693489004,-83.99816224534655,13370.483095150092,2023-12-22 00:45:17
SWA452_KBNAtoKDTW,40.53083,-85.64083,29300.0,2023-12-22 19:52:55,41.737226584942924,-84.17145594671412,19588.04298457133,2023-12-22 20:06:28
SWA692_KSTLtoKDTW,40.50556,-85.62667,31900.0,2023-12-22 09:58:54,41.737239051751104,-84.17172239933053,20041.774129795947,2023-12-22 10:13:19
THY7KG_LTFMtoKDTW,43.08043979538153,-80.48184494087386,30839.867738552388,2023-12-22 19:18:06,42.4915625877837,-82.76886994552825,7110.334597826172,2023-12-22 19:37:36
UAL1220_KDENtoKDTW,40.49556,-85.78861,35000.0,2023-12-22 22:53:56,41.73729484459126,-84.17291044475307,16977.864880858804,2023-12-22 23:08:19
UAL1522_KIAHtoKDTW,40.48417,-85.64806,33000.0,2023-12-22 23:22:54,41.73733568303239,-84.17378389658631,17008.407625857257,2023-12-22 23:36:59
UAL1889_KDENtoKDTW,43.29527155879361,-86.14847439468211,33000.0,2023-12-22 14:14:54,42.68828050849473,-83.95814453885258,11710.03224286283,2023-12-22 14:29:38
UAL2236_KEWRtoKDTW,42.514607664330704,-80.3690362175323,33827.06883597506,2023-12-22 08:45:39,42.416534527657504,-82.60937377873996,9517.743318900706,2023-12-22 09:01:35
UPS1440_KPHLtoKDTW,41.25726093444073,-80.5128711526116,26000.0,2023-12-22 04:59:14,41.99542776726812,-82.72818417796795,11055.26342741768,2023-12-22 05:15:00
UPS1480_KSDFtoKDTW,39.99806,-84.75528,27000.0,2023-12-22 03:04:56,41.71907908185111,-83.79654966696845,10908.876982671507,2023-12-22 03:23:17
UPS1482_KSDFtoKDTW,40.01444,-84.74861,29000.0,2023-12-22 05:43:05,41.7373858345571,-84.17485761153203,10991.051091780266,2023-12-22 05:58:19
UPS9601_KPHLtoKDTW,40.15281539706761,-81.17638126583903,38000.0,2023-12-22 20:53:29,39.64806,-83.5075,30000.0,2023-12-22 21:09:04
